author,text,published_at,like_count,product_name,product_brand,video_title
@TrebronSeyer,Top 3 basic fuck boy fragrances,2025-06-22T06:24:43Z,0,Fragrance Discovery Set,19-69,Top Three Le Labo Fragrances‼️✨#fragrance
@ggZuper,I didnt know Noir 29 is a good one until now. I checked the review after I bought a 15ml which I smelled in store as one of a best choice for me. Checking here to validate if I picked the right one haha,2025-06-07T08:32:12Z,1,Fragrance Discovery Set,19-69,Top Three Le Labo Fragrances‼️✨#fragrance
@UnOfficialD,Is all of them good under the sun?,2025-05-12T13:40:52Z,1,Fragrance Discovery Set,19-69,Top Three Le Labo Fragrances‼️✨#fragrance
@YeeterMcEaterRD,ive gotten a ton of compliments for wearing noir 29 its rlly good,2025-05-08T08:42:20Z,1,Fragrance Discovery Set,19-69,Top Three Le Labo Fragrances‼️✨#fragrance
@KodakBlacksBrain,The noir 29 smells so bad I don’t see how that’s the best rated one according to alot of people. Another 13 is by far my favorite though.,2025-05-07T19:32:22Z,1,Fragrance Discovery Set,19-69,Top Three Le Labo Fragrances‼️✨#fragrance
@ViaanPatel-w6i,Agreed I love the scent thé noir and my hand immediately goes to it when choosing a perfume to go out with,2025-04-15T12:12:59Z,1,Fragrance Discovery Set,19-69,Top Three Le Labo Fragrances‼️✨#fragrance
@LAMODÉLISTE,Tea Night or thé noir 29 is my fave!!!!,2025-02-03T17:45:07Z,0,Fragrance Discovery Set,19-69,Top Three Le Labo Fragrances‼️✨#fragrance
@kiefervandenberg,Tbh for match 26 I hardly get the Matcha and most get dry woods and musk from it,2025-01-31T06:00:38Z,1,Fragrance Discovery Set,19-69,Top Three Le Labo Fragrances‼️✨#fragrance
@raynuh138,Song please,2024-12-07T00:25:43Z,0,Fragrance Discovery Set,19-69,Top Three Le Labo Fragrances‼️✨#fragrance
@soakedbearrd,"Need to try the noir 29, love another 13.",2024-11-01T21:03:07Z,1,Fragrance Discovery Set,19-69,Top Three Le Labo Fragrances‼️✨#fragrance
@lacq7645,Thè noir is goated!,2024-10-25T14:30:48Z,4,Fragrance Discovery Set,19-69,Top Three Le Labo Fragrances‼️✨#fragrance
@bowser7878,"Hey man, you know what's going on? Where's the best place to get some samples?",2024-10-19T23:27:19Z,2,Fragrance Discovery Set,19-69,Top Three Le Labo Fragrances‼️✨#fragrance
@tashfash5374,We have the same nose lol my top 3 also,2024-10-17T18:45:31Z,0,Fragrance Discovery Set,19-69,Top Three Le Labo Fragrances‼️✨#fragrance
@zombiescummy1154,"Agree with another 13, and the noir 29 my top two",2024-09-25T08:06:32Z,6,Fragrance Discovery Set,19-69,Top Three Le Labo Fragrances‼️✨#fragrance
@KFThanchanok,Yassssss,2024-09-02T00:21:29Z,1,Fragrance Discovery Set,19-69,Top Three Le Labo Fragrances‼️✨#fragrance
@Olibabybam,Thé noir is the best.,2024-08-15T18:38:30Z,4,Fragrance Discovery Set,19-69,Top Three Le Labo Fragrances‼️✨#fragrance
@faristont4561,"Nah, noir is nothing on another 13. even santal 33 and rose 31 is miles better",2024-07-17T18:43:11Z,7,Fragrance Discovery Set,19-69,Top Three Le Labo Fragrances‼️✨#fragrance
@jakenader8821,All 3 of those are on my radar to buy someday so its nice to see them being liked by other people. It just reinforces the fact that I need to get them,2024-07-10T05:02:37Z,17,Fragrance Discovery Set,19-69,Top Three Le Labo Fragrances‼️✨#fragrance
@jawadzanayed9631,Free Palestine,2024-07-24T21:13:36Z,0,Capri Eau de Parfum,19-69,Spice Fragrances | Scent Bar Shelf Tour
@Fares__hr,Is this store selling the original and its products reliable? Please guide me,2024-02-01T08:56:50Z,0,Capri Eau de Parfum,19-69,Spice Fragrances | Scent Bar Shelf Tour
@gabrielgomez9128,"I really like how organic and clean these videos are. 

By the way, I saw that on top of the “Spice” shelf is the Oud one. 

Waiting for that one.",2024-02-01T08:37:55Z,0,Capri Eau de Parfum,19-69,Spice Fragrances | Scent Bar Shelf Tour
@catherinegreer854,Love this format!! More please ❤,2024-02-01T08:26:04Z,0,Capri Eau de Parfum,19-69,Spice Fragrances | Scent Bar Shelf Tour
@Amlu-os9vw,Which is accurate???,2025-07-08T05:00:00Z,0,ABBOTT Sampler Set,abbott,AP-10 Blood Glucose Monitoring System (LeisonBio) vs Roche
@charlesatlas92201,I use the Walmart brand and it's usually accurate.,2025-07-07T21:48:48Z,0,ABBOTT Sampler Set,abbott,AP-10 Blood Glucose Monitoring System (LeisonBio) vs Roche
@nadiadv22,I have 3 monitoring systems and every one have measure different.....,2025-07-05T18:29:53Z,0,ABBOTT Sampler Set,abbott,AP-10 Blood Glucose Monitoring System (LeisonBio) vs Roche
@prof1864,is 90 blood sugar lvl good?,2025-07-05T12:52:06Z,0,ABBOTT Sampler Set,abbott,AP-10 Blood Glucose Monitoring System (LeisonBio) vs Roche
@nehemiah5860,I have one touch gulucos meter and i always get different result 😂 never trust manmade products❗,2025-07-05T09:45:11Z,0,ABBOTT Sampler Set,abbott,AP-10 Blood Glucose Monitoring System (LeisonBio) vs Roche
@MargoobKhan-p3d,Baccha ka jhoonjhona bakwas hai,2025-07-05T08:55:13Z,0,ABBOTT Sampler Set,abbott,AP-10 Blood Glucose Monitoring System (LeisonBio) vs Roche
@paramjitsingh2879,Accu  hem da Rejlt sab nalo vadeaa jiii,2025-07-02T02:27:40Z,0,ABBOTT Sampler Set,abbott,AP-10 Blood Glucose Monitoring System (LeisonBio) vs Roche
@gouravkumarchoubey8796,Morepen rehta to 165 aata,2025-06-30T12:15:47Z,0,ABBOTT Sampler Set,abbott,AP-10 Blood Glucose Monitoring System (LeisonBio) vs Roche
@Khatija-i2f,Conta masin RBS best,2025-06-29T15:05:27Z,0,ABBOTT Sampler Set,abbott,AP-10 Blood Glucose Monitoring System (LeisonBio) vs Roche
@Raaj_new,"If you get the check done in the Proper Lab, then your blood sugar will come around 110 or less",2025-06-25T04:13:20Z,3,ABBOTT Sampler Set,abbott,AP-10 Blood Glucose Monitoring System (LeisonBio) vs Roche
@andronandronov4563,"Такое впечатление, что это лет 10 назад снимали, узнаю только перформа, и то ее уже давно сняли с производства.",2025-06-21T13:06:21Z,0,ABBOTT Sampler Set,abbott,AP-10 Blood Glucose Monitoring System (LeisonBio) vs Roche
@goaliedude32,"I was interested in starting keto but my first day was terrible. After my first 24 hours of little-no carbs i had a terrible mood, eveerything was making me incredibly angry and i was feeling super emotional. I left work early and stopped by to get a monitor test said i had 90 mg/dl, i feel like that's a mostly normal reading? i'm new to this stuff just trying to learn",2025-06-20T18:38:04Z,0,ABBOTT Sampler Set,abbott,AP-10 Blood Glucose Monitoring System (LeisonBio) vs Roche
@muhammadatif8766,I have accu check 😮,2025-06-19T04:56:31Z,0,ABBOTT Sampler Set,abbott,AP-10 Blood Glucose Monitoring System (LeisonBio) vs Roche
@FarmanJan-i9v,Why all results are different from each other,2025-06-16T12:01:03Z,0,ABBOTT Sampler Set,abbott,AP-10 Blood Glucose Monitoring System (LeisonBio) vs Roche
@josefinarojas4441,"This is a disgrace for us having this diabetes, it is expensive and a very stressing thing!",2025-06-12T20:56:06Z,0,ABBOTT Sampler Set,abbott,AP-10 Blood Glucose Monitoring System (LeisonBio) vs Roche
@Debbie-l8c,I have a keto and blood monitor all in one yet my libre monitor says something different. I know you are supposed to wait 30 minutes between doing each but they are sometimes still giving me different readings.,2025-06-11T20:24:09Z,0,ABBOTT Sampler Set,abbott,AP-10 Blood Glucose Monitoring System (LeisonBio) vs Roche
@mr.sanjayinformationdiscov3282,"RBS    = 140
FBS    = 70-99
PPBS = 140",2025-06-10T10:08:18Z,2,ABBOTT Sampler Set,abbott,AP-10 Blood Glucose Monitoring System (LeisonBio) vs Roche
@Dr_Bikash_Munduri,Calibrated difference is around 10 in every scale,2025-06-06T07:01:15Z,0,ABBOTT Sampler Set,abbott,AP-10 Blood Glucose Monitoring System (LeisonBio) vs Roche
@channelk-5145,125,2025-06-03T08:10:39Z,0,ABBOTT Sampler Set,abbott,AP-10 Blood Glucose Monitoring System (LeisonBio) vs Roche
@helpmyspaghettiiseatingme,This is why I have trust issues,2025-05-28T13:38:14Z,0,ABBOTT Sampler Set,abbott,AP-10 Blood Glucose Monitoring System (LeisonBio) vs Roche
@mdsalim7001,accu check best,2025-05-24T00:30:52Z,0,ABBOTT Sampler Set,abbott,AP-10 Blood Glucose Monitoring System (LeisonBio) vs Roche
@COOLESTPERSONEVER1A1,Hello🚡🚡🚡🚡🚡🚡🚡🚡🚡🚡🚡🚡🚡🚡🚡🚡🚡🚡🚡🚡🚡🚡🚡🚡🚡🚡🚡🚡🚡🚡🚡🚡🚡🚡🚡🚡🚡🚡🚡🚡🚡🚡🚡🚡🚡🚡🚡🚡🚡🚡🚡🚡🚡🚡🚡🚡🚡🚡🚡🚡🚡🚡🚡🚡🚡🚡🚡🚡,2025-05-22T17:08:06Z,0,ABBOTT Sampler Set,abbott,AP-10 Blood Glucose Monitoring System (LeisonBio) vs Roche
@Principe70,.....in questi quasi quale il reale ?,2025-05-09T10:41:36Z,0,ABBOTT Sampler Set,abbott,AP-10 Blood Glucose Monitoring System (LeisonBio) vs Roche
@umaxen0048,BLOOD READING is FAR more accurate than a CGM during pre or post hypoglycemic situations.,2025-05-07T13:11:16Z,1,ABBOTT Sampler Set,abbott,AP-10 Blood Glucose Monitoring System (LeisonBio) vs Roche
@planetmars7161,Accu chek is best,2025-05-07T00:45:43Z,2,ABBOTT Sampler Set,abbott,AP-10 Blood Glucose Monitoring System (LeisonBio) vs Roche
@jessevelasquez3847,Wow! 🤦🏻‍♂️,2025-05-06T03:23:05Z,0,ABBOTT Sampler Set,abbott,AP-10 Blood Glucose Monitoring System (LeisonBio) vs Roche
@josevidal5484,Tá testando a ineficiência dos equipamentos sem falar nada. Nesse caso o laboratório seria o melhor caminho.,2025-05-06T02:14:28Z,0,ABBOTT Sampler Set,abbott,AP-10 Blood Glucose Monitoring System (LeisonBio) vs Roche
@ghulamali1223,فيک هي ليباٽري بيسٽ.  هي,2025-05-04T17:55:15Z,0,ABBOTT Sampler Set,abbott,AP-10 Blood Glucose Monitoring System (LeisonBio) vs Roche
@HateDietPepsi,"The brand name large corporation glucometers are usually the most accurate. For example Accu-Chek brands, One Touch, Freestyle, Contour, Precision are all relatively accurate.  I use the Contour Next and it compares well with lab tested levels.",2025-05-01T02:03:14Z,42,ABBOTT Sampler Set,abbott,AP-10 Blood Glucose Monitoring System (LeisonBio) vs Roche
@singhpreet3066,Better if you mention fasting or random,2025-04-30T13:30:50Z,0,ABBOTT Sampler Set,abbott,AP-10 Blood Glucose Monitoring System (LeisonBio) vs Roche
@Princessbutterfly9161,You are not supposed to milk the finger,2025-04-30T04:33:08Z,1,ABBOTT Sampler Set,abbott,AP-10 Blood Glucose Monitoring System (LeisonBio) vs Roche
@AlexanderDevil666,"This evaluation demonstrates several critical methodological flaws. Firstly, it involves testing glucose meters from different brands without appropriate control of variables. Secondly, the use of capillary blood obtained through repeated squeezing may introduce interstitial fluid, leading to potentially inaccurate glucose readings. Thirdly, the absence of comparison against a recognized gold standard, such as an automated laboratory analyzer, undermines the validity of the results. Although the approach may appear straightforward, it lacks the scientific rigor and precision required for reliable diagnostic evaluation.",2025-04-29T16:46:11Z,9,ABBOTT Sampler Set,abbott,AP-10 Blood Glucose Monitoring System (LeisonBio) vs Roche
@mdyousufali8068,কোনটাই ঠিক নেই,2025-04-27T12:49:49Z,0,ABBOTT Sampler Set,abbott,AP-10 Blood Glucose Monitoring System (LeisonBio) vs Roche
@Nayem288,Accu-Chek best,2025-04-27T10:01:13Z,0,ABBOTT Sampler Set,abbott,AP-10 Blood Glucose Monitoring System (LeisonBio) vs Roche
@fabiodangelo1070,10% a 12 % de variação...tá valendo!,2025-04-27T00:33:40Z,3,ABBOTT Sampler Set,abbott,AP-10 Blood Glucose Monitoring System (LeisonBio) vs Roche
@vajralasrinivasareddy4350,Mee video thagaleyya Ami ardhamaindha,2025-04-26T01:56:46Z,1,ABBOTT Sampler Set,abbott,AP-10 Blood Glucose Monitoring System (LeisonBio) vs Roche
@ОльгаОльга-ъ6с,+- Одинаково,2025-04-23T10:59:11Z,0,ABBOTT Sampler Set,abbott,AP-10 Blood Glucose Monitoring System (LeisonBio) vs Roche
@me_burak,It's normal in these monitors +15 -15 is normal,2025-04-20T20:57:45Z,2,ABBOTT Sampler Set,abbott,AP-10 Blood Glucose Monitoring System (LeisonBio) vs Roche
@jovenciofloro8852,Ang hindi pare pareho ang  reading nila saan dyan ang accurate na apparatus,2025-04-20T10:16:52Z,0,ABBOTT Sampler Set,abbott,AP-10 Blood Glucose Monitoring System (LeisonBio) vs Roche
@terajatt13,is this fasting test levels or in the evening ????,2025-04-19T23:58:44Z,5,ABBOTT Sampler Set,abbott,AP-10 Blood Glucose Monitoring System (LeisonBio) vs Roche
@NursingPractitioner,613 ÷ 5 the Average rbs will be 122.6 mg/dl,2025-04-10T06:26:07Z,58,ABBOTT Sampler Set,abbott,AP-10 Blood Glucose Monitoring System (LeisonBio) vs Roche
@tanderalone,"So, wich one is correct? 😢",2025-04-09T19:55:00Z,4,ABBOTT Sampler Set,abbott,AP-10 Blood Glucose Monitoring System (LeisonBio) vs Roche
@stuartsinclair6269,"Pending if test strips are out of date which give way higher readings a hospital version is the most accurate 
Also left fingers and right fingers tell different too, always my right fingers give lower readings, maybe because it’s closer to your pancreas and less blood to travel😊",2025-04-08T13:54:14Z,8,ABBOTT Sampler Set,abbott,AP-10 Blood Glucose Monitoring System (LeisonBio) vs Roche
@fidelcatsro6948,We need a blood transfusion after these videos!,2025-04-08T11:19:47Z,2,ABBOTT Sampler Set,abbott,AP-10 Blood Glucose Monitoring System (LeisonBio) vs Roche
@nandansinghnegi,"I'm glad you don't have diabetes if it not fasting test 😊 This is important... Besides what the tests show, it also varies across lab tests.",2025-04-08T05:25:21Z,11,ABBOTT Sampler Set,abbott,AP-10 Blood Glucose Monitoring System (LeisonBio) vs Roche
@tjietjingthomas9179,Coba cek gula darah di laboratorium yang berbeda pada hari yang sama. Hasilnya akan beda juga 😅,2025-04-07T02:28:00Z,3,ABBOTT Sampler Set,abbott,AP-10 Blood Glucose Monitoring System (LeisonBio) vs Roche
@jimmym2719,"Yes, that’s a concern & also of cos it does not mean the most expensive is the most accurate too. Consistency is the key as well as battery level. Reference to a medical professional one can be a good idea but the way different nurses do that for u also differs being the same professional brand. The auditors to our ISO assessment of our in house measurement equipment does emphasize on consistencies of the data and referencing to a master sample kept as calibration measurements. Precisions is about acceptable limits of both parties in our field of production consistency and data collections. Thanks for sharing this with us all ❤",2025-04-06T11:23:15Z,5,ABBOTT Sampler Set,abbott,AP-10 Blood Glucose Monitoring System (LeisonBio) vs Roche
@fweddyfwintsone4491,"If these were bathroom scales, my wife would choose the lowest.",2025-04-03T01:14:17Z,41,ABBOTT Sampler Set,abbott,AP-10 Blood Glucose Monitoring System (LeisonBio) vs Roche
@shahidmahmood2123,If it's random then all readings are normal,2025-04-02T13:06:08Z,15,ABBOTT Sampler Set,abbott,AP-10 Blood Glucose Monitoring System (LeisonBio) vs Roche
@beenzi836,Why this is happening?? Let us know,2025-04-01T16:55:07Z,2,ABBOTT Sampler Set,abbott,AP-10 Blood Glucose Monitoring System (LeisonBio) vs Roche
@MirAamir-1,"In first you are diabetic, while in others you are prediabetic 😅... #insane",2025-03-28T13:58:23Z,0,ABBOTT Sampler Set,abbott,AP-10 Blood Glucose Monitoring System (LeisonBio) vs Roche
@reemaakekisse,Sab m alag alag kyu aa rha h bhaiya,2025-03-28T11:14:02Z,0,ABBOTT Sampler Set,abbott,AP-10 Blood Glucose Monitoring System (LeisonBio) vs Roche
@SafinaSeppi-i8v,27.1 shugar level ethraan parayo,2025-03-25T14:06:32Z,0,ABBOTT Sampler Set,abbott,AP-10 Blood Glucose Monitoring System (LeisonBio) vs Roche
@Harshal-vo3sr,Great,2025-03-25T12:59:31Z,0,ABBOTT Sampler Set,abbott,AP-10 Blood Glucose Monitoring System (LeisonBio) vs Roche
@aqsasaleem8981,Very good,2025-03-20T09:29:55Z,1,ABBOTT Sampler Set,abbott,AP-10 Blood Glucose Monitoring System (LeisonBio) vs Roche
@ibuwidiya,Kok hsil nya beda2...mna yg benar nih...,2025-03-16T10:12:28Z,0,ABBOTT Sampler Set,abbott,AP-10 Blood Glucose Monitoring System (LeisonBio) vs Roche
@pradeepchauhanpc,All okk,2025-03-06T12:21:50Z,2,ABBOTT Sampler Set,abbott,AP-10 Blood Glucose Monitoring System (LeisonBio) vs Roche
@dinopalavra876,"Really 8-10 hours? Id say 90% of reviews say its 4-6 hours max, some even say its gone after 2 hours. Thats interesting. Maybe its worth buying after all.",2024-06-27T11:11:49Z,0,Arancia di Capri,acqua di parma,Acqua di Parma Arancia di Capri ~ GaVo* Perfumery
@millenialbroadcast,Do you still wear this fragrance?,2023-10-02T20:11:44Z,0,Arancia di Capri,acqua di parma,Acqua di Parma Arancia di Capri ~ GaVo* Perfumery
@УлугбекУмаров-в9я,Да это летникий аромат безусловно,2022-05-17T12:59:03Z,0,Arancia di Capri,acqua di parma,Acqua di Parma Arancia di Capri ~ GaVo* Perfumery
@ranggatohjaya7612,"Ko mike, tanya dupe acqua di parma",2025-04-20T10:49:01Z,0,Colonia,acqua di parma,Top 5 Acqua di Parma Fragrances | Indonesia Parfum Review
@rudysutama493,"Semua lini parfum Acqua di Parma itu Sillage nya 10/100, ketahanan paling 1-2 jam, gradually weaken setelah itu hilang ghoib tak berbekas. Ini kelemahan utamanya. Performa terbaiknya adalah begitu mulai disemprot sampai 5-10 menit pertama. Tapi wangi fragrance nya luar biasa di menit2 awal itu.

Sudah punya semua yg direview koh di sini plus beberapa serie black EDP nya. Semua karakternya sama spt di atas dari yg paling murah smp yg paling mahal, SL nya jeblok, mirip parfum kelas supermarket/counter indomaret. Tapi harga mewah kelas Mall Plaza Senayan.

Kalau harus beli parfum Acqua di Parma, rekomendasi saya sbb:

Man:
1. ADP Essenza (Cologne)
2. ADP Blu Bergamotto di Calabrian (EDT)
3. ADP Colonia Oud (Cologne) discontinued (di online masih ada bbrp toko pro)

Unisex:
4. ADP Oud (EDP)

Woman (EDP):
5. ADP Magnolia Infinita
6. ADP Lily of The Valley
7. ADP Ousmanthus/Yuzu
8. ADP Sakura",2024-11-16T23:38:19Z,3,Colonia,acqua di parma,Top 5 Acqua di Parma Fragrances | Indonesia Parfum Review
@ockeadenry5601,baru liat dan leather tidak dalam top 5 😢,2024-04-04T13:32:44Z,0,Colonia,acqua di parma,Top 5 Acqua di Parma Fragrances | Indonesia Parfum Review
@psindhuaji,apa ADP ada clonenya?,2023-09-24T12:07:58Z,0,Colonia,acqua di parma,Top 5 Acqua di Parma Fragrances | Indonesia Parfum Review
@kopeda8760,hah adp dibawah 1.5?,2022-11-15T15:41:56Z,0,Colonia,acqua di parma,Top 5 Acqua di Parma Fragrances | Indonesia Parfum Review
@Sensuallifetv,Acqua di parma la spugnatura the best menurut gw,2022-07-04T18:15:47Z,0,Colonia,acqua di parma,Top 5 Acqua di Parma Fragrances | Indonesia Parfum Review
@ncid8546,Spl ny gimana koh lini acqua di parma..kok gak di sebutin,2022-04-03T09:37:11Z,0,Colonia,acqua di parma,Top 5 Acqua di Parma Fragrances | Indonesia Parfum Review
@baniadam1541,"Yg hobinya bacot & protes sm parfum mulutnya bakalan ""tersumpal"" oleh colonia pura wkwkwkwkwk 🤣",2022-04-02T23:35:44Z,0,Colonia,acqua di parma,Top 5 Acqua di Parma Fragrances | Indonesia Parfum Review
@divasagita9135,"Ane punya vial Acqua Di parma colonial futura, lama2 scent vibe nya mirip OML, enak banget",2021-12-04T19:19:24Z,0,Colonia,acqua di parma,Top 5 Acqua di Parma Fragrances | Indonesia Parfum Review
@andrekurniawan9232,"Ga tertarik review geparlys grey black bang ? 
Katanya mirip sama ysl l’homme le parfum",2021-11-03T05:57:53Z,0,Colonia,acqua di parma,Top 5 Acqua di Parma Fragrances | Indonesia Parfum Review
@adirahman11,Lanjut reviuw versace eros parfum koh mike💪🏻❤️,2021-11-03T03:12:45Z,1,Colonia,acqua di parma,Top 5 Acqua di Parma Fragrances | Indonesia Parfum Review
@warganet2501,"Bro, ozonic notes itu apa?",2021-11-02T23:00:53Z,0,Colonia,acqua di parma,Top 5 Acqua di Parma Fragrances | Indonesia Parfum Review
@ekodianwahyudi5190,Koh..review full Malik Al Tayor by Lattafa dong yg divideo lu sebelumnya bilang mirip banget dgn Lacoste L'homme Intense,2021-11-02T19:21:12Z,0,Colonia,acqua di parma,Top 5 Acqua di Parma Fragrances | Indonesia Parfum Review
@akuregulus,review edt adidas bang,2021-11-02T17:48:59Z,0,Colonia,acqua di parma,Top 5 Acqua di Parma Fragrances | Indonesia Parfum Review
@Gondres-qw2kg,"bang review parfume buat kerja restoran,  wanginya Ada manis2nyaa, vanilla +cool + tahan lama",2021-11-02T15:08:16Z,0,Colonia,acqua di parma,Top 5 Acqua di Parma Fragrances | Indonesia Parfum Review
@azacrome,Next parfum yang nggak ada aromanya :,2021-11-02T12:00:10Z,0,Colonia,acqua di parma,Top 5 Acqua di Parma Fragrances | Indonesia Parfum Review
@ardibenarfa6536,Next review dari Lini Rasasi at Parfum timur tengah terbaik Broo... 🔥🔥🔥,2021-11-02T10:47:25Z,0,Colonia,acqua di parma,Top 5 Acqua di Parma Fragrances | Indonesia Parfum Review
@bandonsaurus9888,Bang review dong bang plis parfum Egoiste Chanel Tapi bukan yang platinum Egoiste ya bang tapi yang Egoiste Chanel aja 🙏🙏🙏🙏🙏🙏🙏🙏🙏🙏🙏🙏🙏,2021-11-02T10:01:05Z,1,Colonia,acqua di parma,Top 5 Acqua di Parma Fragrances | Indonesia Parfum Review
@indrahingkua4410,Intro kelupaan 😁,2021-11-02T08:06:39Z,0,Colonia,acqua di parma,Top 5 Acqua di Parma Fragrances | Indonesia Parfum Review
@ezetchannel6899,Tahun ini 100k subs yooo semangat yooo,2021-11-02T05:32:41Z,0,Colonia,acqua di parma,Top 5 Acqua di Parma Fragrances | Indonesia Parfum Review
@andreychandra,Muantap,2021-11-02T04:59:01Z,0,Colonia,acqua di parma,Top 5 Acqua di Parma Fragrances | Indonesia Parfum Review
@deniy.saputro8136,Arancia di Capri juga joss koh 😂👍,2021-11-02T04:11:22Z,0,Colonia,acqua di parma,Top 5 Acqua di Parma Fragrances | Indonesia Parfum Review
@racketboy-j6m,Bg request parfume yg harum cucumber dong,2021-11-02T04:02:17Z,0,Colonia,acqua di parma,Top 5 Acqua di Parma Fragrances | Indonesia Parfum Review
@haidarhaidir663,"Sekali2 review pengharum mobil sama rumah koh, bagus tuh keknya",2021-11-02T00:33:09Z,1,Colonia,acqua di parma,Top 5 Acqua di Parma Fragrances | Indonesia Parfum Review
@FadhilAnanta,Bro minta saran dong parfum yg wanginya mirip² Sf uomo signature sama parfum fresh yg rekomen tapi harganya yg masih bersahabat hehe,2021-11-02T00:17:25Z,1,Colonia,acqua di parma,Top 5 Acqua di Parma Fragrances | Indonesia Parfum Review
@rizkyalfathir3649,"My favorite house, awalnya gara2 Amenities di Trans Luxury Hotel itu Acqua di Parma, akhirnya nemu di Lafayette Pacific Place dan Body lotion nya jadi Signature Lotion sampe sekarang",2021-11-01T19:24:31Z,1,Colonia,acqua di parma,Top 5 Acqua di Parma Fragrances | Indonesia Parfum Review
@batmanwholaughs555,Amazing greatest review perfume good job keep it up amazing,2021-11-01T17:37:58Z,1,Colonia,acqua di parma,Top 5 Acqua di Parma Fragrances | Indonesia Parfum Review
@wildan21,kameranya pake apa ini ko? bening bgt..,2021-11-01T17:24:06Z,0,Colonia,acqua di parma,Top 5 Acqua di Parma Fragrances | Indonesia Parfum Review
@adesukendar6989,"Gwe kelas 500 kebawah 😁, ini chanel keren⭐⭐⭐⭐⭐",2021-11-01T16:50:55Z,1,Colonia,acqua di parma,Top 5 Acqua di Parma Fragrances | Indonesia Parfum Review
@adhidarmasc7569,"Kok info kisaran harga, longevity, spl dan yg lain biasanya kok kali ini ga di cantumkan lagi koh?",2021-11-01T16:24:08Z,6,Colonia,acqua di parma,Top 5 Acqua di Parma Fragrances | Indonesia Parfum Review
@junisusanto5308,Bang review parfum l'homme ideal extreme donk,2021-11-01T15:28:29Z,0,Colonia,acqua di parma,Top 5 Acqua di Parma Fragrances | Indonesia Parfum Review
@andrisetiawan4673,"Review Zara RWA dong koh, yang baru baru ini katanya udah reform",2021-11-01T14:45:38Z,2,Colonia,acqua di parma,Top 5 Acqua di Parma Fragrances | Indonesia Parfum Review
@miracle0072,"The best aqua di parma menurut opini pribadi Saya :
1.Arancia di Capri, Dan
2. colonia Pura.
Colonia Pura parfum yg sangat Aman daripada fico di amalfi yg bau fignya mungkin sedikit aneh bagi seorang pemula.Dari scent aqua di parma sangat berkualitas,
Tapi dari lini aqua di parma rata rata mempunyai kekuarangan yaitu spl yg cukup lemah.",2021-11-01T14:09:51Z,6,Colonia,acqua di parma,Top 5 Acqua di Parma Fragrances | Indonesia Parfum Review
@aga3945,"Gue banget ini. udeh mondar mandir di lini designer yg gue rasa udeh semua sama dan bikin boring. Wuling cha, tiziana  t kirke dan montabaco intensivo udeh masuk list. 🔥🤙🤞🎸🤠🌈",2021-11-01T14:05:57Z,0,Colonia,acqua di parma,Top 5 Acqua di Parma Fragrances | Indonesia Parfum Review
@ismailali-vi1wx,Itu bracken nya di review ko 😁,2021-11-01T13:57:08Z,0,Colonia,acqua di parma,Top 5 Acqua di Parma Fragrances | Indonesia Parfum Review
@kevinadhiasta7647,Susah mau jadi pemula,2021-11-01T13:50:39Z,0,Colonia,acqua di parma,Top 5 Acqua di Parma Fragrances | Indonesia Parfum Review
@riyantolarkarahadi23,"House of Medici itu jatuhnya niche nggak, bang?",2021-11-01T13:32:02Z,0,Colonia,acqua di parma,Top 5 Acqua di Parma Fragrances | Indonesia Parfum Review
@sanwygaming,Semenjak liat channel ini makin sering beli parfum 😂,2021-11-01T13:29:40Z,8,Colonia,acqua di parma,Top 5 Acqua di Parma Fragrances | Indonesia Parfum Review
@wolessantuy1302,Kenapa gak sekalian disertakan info spl utk masing2 parfumnya koh?,2021-11-01T13:23:57Z,1,Colonia,acqua di parma,Top 5 Acqua di Parma Fragrances | Indonesia Parfum Review
@indrayanto8159,Newbie menyimak,2021-11-01T13:04:11Z,0,Colonia,acqua di parma,Top 5 Acqua di Parma Fragrances | Indonesia Parfum Review
@busanz2835,Request parfum aroma teh,2021-11-01T12:53:45Z,1,Colonia,acqua di parma,Top 5 Acqua di Parma Fragrances | Indonesia Parfum Review
@GunawanGoei,Kalau harga segitu bakalan jadi racun yg menguras kantong.,2021-11-01T12:47:54Z,3,Colonia,acqua di parma,Top 5 Acqua di Parma Fragrances | Indonesia Parfum Review
@lubismarzhelino2013,Intronya mana bang,2021-11-01T12:45:03Z,5,Colonia,acqua di parma,Top 5 Acqua di Parma Fragrances | Indonesia Parfum Review
@saprindj,Kedua,2021-11-01T12:38:19Z,1,Colonia,acqua di parma,Top 5 Acqua di Parma Fragrances | Indonesia Parfum Review
@iqbalrizald1,"Tim decant nyimak.
Ada nada iconnya, kirain notif dering hp sendiri 😂😂😂.
Harga sudah dipatok, spl sengaja gak disebutin om?
Rata2 moderate ya lini aqua di parma ini",2021-11-01T12:38:00Z,4,Colonia,acqua di parma,Top 5 Acqua di Parma Fragrances | Indonesia Parfum Review
@dailahminorakli3691,Pertama,2021-11-01T12:37:30Z,1,Colonia,acqua di parma,Top 5 Acqua di Parma Fragrances | Indonesia Parfum Review
@AlejandroAlex25,"There are no flowers in mid. Just cedar & red ginger. The red ginger comes of cinnamon-ny. Along with the fresh notes and powdery drydown, makes 
it so addicting!",2024-06-24T14:15:39Z,0,Yuzu Eau de Parfum,acqua di parma,2 ACQUA DI PARMA GEMS? Acqua di Parma Bergamotto di Calabria &amp; Acqua Di Parma Yuzu Eau De Parfum
@hesmellslikerome,"I remember liking these fragrances if my memory serves me right. I definitely gotta check out this house more. PS, who likes reading. I would rather get the audiobook.😂😂😂 sophistication is overrated",2023-09-19T10:45:46Z,0,Yuzu Eau de Parfum,acqua di parma,2 ACQUA DI PARMA GEMS? Acqua di Parma Bergamotto di Calabria &amp; Acqua Di Parma Yuzu Eau De Parfum
@millenialbroadcast,Nice review and great location!,2023-09-11T15:23:17Z,0,Yuzu Eau de Parfum,acqua di parma,2 ACQUA DI PARMA GEMS? Acqua di Parma Bergamotto di Calabria &amp; Acqua Di Parma Yuzu Eau De Parfum
@michaelbullock8011,Great review and I enjoyed it and I'm going to try these fragrances and have a blessed day,2023-09-08T23:22:17Z,1,Yuzu Eau de Parfum,acqua di parma,2 ACQUA DI PARMA GEMS? Acqua di Parma Bergamotto di Calabria &amp; Acqua Di Parma Yuzu Eau De Parfum
@Ed-ce5mb,"Chad, both Acqua di Parma Bergamotto di Calabria & Acqua Di Parma Yuzu are great summer fragrances. I do not own Yuzu but I have tried it. Neither fragrance lasts long which is an issue for me.",2023-09-08T21:23:21Z,0,Yuzu Eau de Parfum,acqua di parma,2 ACQUA DI PARMA GEMS? Acqua di Parma Bergamotto di Calabria &amp; Acqua Di Parma Yuzu Eau De Parfum
@jimmoberly308,Have a bottle of the og Colonia and really like it. Have travel sprays of 3 others that are nice. I need to try more.,2023-09-08T19:02:12Z,0,Yuzu Eau de Parfum,acqua di parma,2 ACQUA DI PARMA GEMS? Acqua di Parma Bergamotto di Calabria &amp; Acqua Di Parma Yuzu Eau De Parfum
@justaddlight,Those mini bottles are so cute. 😊 Appreciate your takes Chad!,2023-09-08T18:17:09Z,0,Yuzu Eau de Parfum,acqua di parma,2 ACQUA DI PARMA GEMS? Acqua di Parma Bergamotto di Calabria &amp; Acqua Di Parma Yuzu Eau De Parfum
@LDMTX6,I love Bergamotto di Calabria VERY MUCH. The dry down is amazing. I just wish it lasted longer. I tried the spugnatura flanker but it has too much Ambroxan.,2023-09-08T17:04:18Z,1,Yuzu Eau de Parfum,acqua di parma,2 ACQUA DI PARMA GEMS? Acqua di Parma Bergamotto di Calabria &amp; Acqua Di Parma Yuzu Eau De Parfum
@GungFuIsGungFu,"Today I won a fragrance competition on Instagram. A big bottle of a fragrance mentioned in Ian Flemming's novel of ""On Her Majesty's Secret Service"". Can you guess which one ?",2023-09-08T16:36:46Z,0,Yuzu Eau de Parfum,acqua di parma,2 ACQUA DI PARMA GEMS? Acqua di Parma Bergamotto di Calabria &amp; Acqua Di Parma Yuzu Eau De Parfum
@AGentlemansJourney77,Hello?,2023-09-08T15:00:36Z,1,Yuzu Eau de Parfum,acqua di parma,2 ACQUA DI PARMA GEMS? Acqua di Parma Bergamotto di Calabria &amp; Acqua Di Parma Yuzu Eau De Parfum
@akangyazo8792,Aromanya mewah bos...,2020-07-03T07:01:57Z,1,Oud Eau de Parfum,acqua di parma,Review Colonia Oud by Acqua di Parma | the best Oud fragrance
@ranggatohjaya7612,"Ko mike, tanya dupe acqua di parma",2025-04-20T10:49:01Z,0,Colonia Essenza,acqua di parma,Top 5 Acqua di Parma Fragrances | Indonesia Parfum Review
@rudysutama493,"Semua lini parfum Acqua di Parma itu Sillage nya 10/100, ketahanan paling 1-2 jam, gradually weaken setelah itu hilang ghoib tak berbekas. Ini kelemahan utamanya. Performa terbaiknya adalah begitu mulai disemprot sampai 5-10 menit pertama. Tapi wangi fragrance nya luar biasa di menit2 awal itu.

Sudah punya semua yg direview koh di sini plus beberapa serie black EDP nya. Semua karakternya sama spt di atas dari yg paling murah smp yg paling mahal, SL nya jeblok, mirip parfum kelas supermarket/counter indomaret. Tapi harga mewah kelas Mall Plaza Senayan.

Kalau harus beli parfum Acqua di Parma, rekomendasi saya sbb:

Man:
1. ADP Essenza (Cologne)
2. ADP Blu Bergamotto di Calabrian (EDT)
3. ADP Colonia Oud (Cologne) discontinued (di online masih ada bbrp toko pro)

Unisex:
4. ADP Oud (EDP)

Woman (EDP):
5. ADP Magnolia Infinita
6. ADP Lily of The Valley
7. ADP Ousmanthus/Yuzu
8. ADP Sakura",2024-11-16T23:38:19Z,3,Colonia Essenza,acqua di parma,Top 5 Acqua di Parma Fragrances | Indonesia Parfum Review
@ockeadenry5601,baru liat dan leather tidak dalam top 5 😢,2024-04-04T13:32:44Z,0,Colonia Essenza,acqua di parma,Top 5 Acqua di Parma Fragrances | Indonesia Parfum Review
@psindhuaji,apa ADP ada clonenya?,2023-09-24T12:07:58Z,0,Colonia Essenza,acqua di parma,Top 5 Acqua di Parma Fragrances | Indonesia Parfum Review
@kopeda8760,hah adp dibawah 1.5?,2022-11-15T15:41:56Z,0,Colonia Essenza,acqua di parma,Top 5 Acqua di Parma Fragrances | Indonesia Parfum Review
@Sensuallifetv,Acqua di parma la spugnatura the best menurut gw,2022-07-04T18:15:47Z,0,Colonia Essenza,acqua di parma,Top 5 Acqua di Parma Fragrances | Indonesia Parfum Review
@ncid8546,Spl ny gimana koh lini acqua di parma..kok gak di sebutin,2022-04-03T09:37:11Z,0,Colonia Essenza,acqua di parma,Top 5 Acqua di Parma Fragrances | Indonesia Parfum Review
@baniadam1541,"Yg hobinya bacot & protes sm parfum mulutnya bakalan ""tersumpal"" oleh colonia pura wkwkwkwkwk 🤣",2022-04-02T23:35:44Z,0,Colonia Essenza,acqua di parma,Top 5 Acqua di Parma Fragrances | Indonesia Parfum Review
@divasagita9135,"Ane punya vial Acqua Di parma colonial futura, lama2 scent vibe nya mirip OML, enak banget",2021-12-04T19:19:24Z,0,Colonia Essenza,acqua di parma,Top 5 Acqua di Parma Fragrances | Indonesia Parfum Review
@andrekurniawan9232,"Ga tertarik review geparlys grey black bang ? 
Katanya mirip sama ysl l’homme le parfum",2021-11-03T05:57:53Z,0,Colonia Essenza,acqua di parma,Top 5 Acqua di Parma Fragrances | Indonesia Parfum Review
@adirahman11,Lanjut reviuw versace eros parfum koh mike💪🏻❤️,2021-11-03T03:12:45Z,1,Colonia Essenza,acqua di parma,Top 5 Acqua di Parma Fragrances | Indonesia Parfum Review
@warganet2501,"Bro, ozonic notes itu apa?",2021-11-02T23:00:53Z,0,Colonia Essenza,acqua di parma,Top 5 Acqua di Parma Fragrances | Indonesia Parfum Review
@ekodianwahyudi5190,Koh..review full Malik Al Tayor by Lattafa dong yg divideo lu sebelumnya bilang mirip banget dgn Lacoste L'homme Intense,2021-11-02T19:21:12Z,0,Colonia Essenza,acqua di parma,Top 5 Acqua di Parma Fragrances | Indonesia Parfum Review
@akuregulus,review edt adidas bang,2021-11-02T17:48:59Z,0,Colonia Essenza,acqua di parma,Top 5 Acqua di Parma Fragrances | Indonesia Parfum Review
@Gondres-qw2kg,"bang review parfume buat kerja restoran,  wanginya Ada manis2nyaa, vanilla +cool + tahan lama",2021-11-02T15:08:16Z,0,Colonia Essenza,acqua di parma,Top 5 Acqua di Parma Fragrances | Indonesia Parfum Review
@azacrome,Next parfum yang nggak ada aromanya :,2021-11-02T12:00:10Z,0,Colonia Essenza,acqua di parma,Top 5 Acqua di Parma Fragrances | Indonesia Parfum Review
@ardibenarfa6536,Next review dari Lini Rasasi at Parfum timur tengah terbaik Broo... 🔥🔥🔥,2021-11-02T10:47:25Z,0,Colonia Essenza,acqua di parma,Top 5 Acqua di Parma Fragrances | Indonesia Parfum Review
@bandonsaurus9888,Bang review dong bang plis parfum Egoiste Chanel Tapi bukan yang platinum Egoiste ya bang tapi yang Egoiste Chanel aja 🙏🙏🙏🙏🙏🙏🙏🙏🙏🙏🙏🙏🙏,2021-11-02T10:01:05Z,1,Colonia Essenza,acqua di parma,Top 5 Acqua di Parma Fragrances | Indonesia Parfum Review
@indrahingkua4410,Intro kelupaan 😁,2021-11-02T08:06:39Z,0,Colonia Essenza,acqua di parma,Top 5 Acqua di Parma Fragrances | Indonesia Parfum Review
@ezetchannel6899,Tahun ini 100k subs yooo semangat yooo,2021-11-02T05:32:41Z,0,Colonia Essenza,acqua di parma,Top 5 Acqua di Parma Fragrances | Indonesia Parfum Review
@andreychandra,Muantap,2021-11-02T04:59:01Z,0,Colonia Essenza,acqua di parma,Top 5 Acqua di Parma Fragrances | Indonesia Parfum Review
@deniy.saputro8136,Arancia di Capri juga joss koh 😂👍,2021-11-02T04:11:22Z,0,Colonia Essenza,acqua di parma,Top 5 Acqua di Parma Fragrances | Indonesia Parfum Review
@racketboy-j6m,Bg request parfume yg harum cucumber dong,2021-11-02T04:02:17Z,0,Colonia Essenza,acqua di parma,Top 5 Acqua di Parma Fragrances | Indonesia Parfum Review
@haidarhaidir663,"Sekali2 review pengharum mobil sama rumah koh, bagus tuh keknya",2021-11-02T00:33:09Z,1,Colonia Essenza,acqua di parma,Top 5 Acqua di Parma Fragrances | Indonesia Parfum Review
@FadhilAnanta,Bro minta saran dong parfum yg wanginya mirip² Sf uomo signature sama parfum fresh yg rekomen tapi harganya yg masih bersahabat hehe,2021-11-02T00:17:25Z,1,Colonia Essenza,acqua di parma,Top 5 Acqua di Parma Fragrances | Indonesia Parfum Review
@rizkyalfathir3649,"My favorite house, awalnya gara2 Amenities di Trans Luxury Hotel itu Acqua di Parma, akhirnya nemu di Lafayette Pacific Place dan Body lotion nya jadi Signature Lotion sampe sekarang",2021-11-01T19:24:31Z,1,Colonia Essenza,acqua di parma,Top 5 Acqua di Parma Fragrances | Indonesia Parfum Review
@batmanwholaughs555,Amazing greatest review perfume good job keep it up amazing,2021-11-01T17:37:58Z,1,Colonia Essenza,acqua di parma,Top 5 Acqua di Parma Fragrances | Indonesia Parfum Review
@wildan21,kameranya pake apa ini ko? bening bgt..,2021-11-01T17:24:06Z,0,Colonia Essenza,acqua di parma,Top 5 Acqua di Parma Fragrances | Indonesia Parfum Review
@adesukendar6989,"Gwe kelas 500 kebawah 😁, ini chanel keren⭐⭐⭐⭐⭐",2021-11-01T16:50:55Z,1,Colonia Essenza,acqua di parma,Top 5 Acqua di Parma Fragrances | Indonesia Parfum Review
@adhidarmasc7569,"Kok info kisaran harga, longevity, spl dan yg lain biasanya kok kali ini ga di cantumkan lagi koh?",2021-11-01T16:24:08Z,6,Colonia Essenza,acqua di parma,Top 5 Acqua di Parma Fragrances | Indonesia Parfum Review
@junisusanto5308,Bang review parfum l'homme ideal extreme donk,2021-11-01T15:28:29Z,0,Colonia Essenza,acqua di parma,Top 5 Acqua di Parma Fragrances | Indonesia Parfum Review
@andrisetiawan4673,"Review Zara RWA dong koh, yang baru baru ini katanya udah reform",2021-11-01T14:45:38Z,2,Colonia Essenza,acqua di parma,Top 5 Acqua di Parma Fragrances | Indonesia Parfum Review
@miracle0072,"The best aqua di parma menurut opini pribadi Saya :
1.Arancia di Capri, Dan
2. colonia Pura.
Colonia Pura parfum yg sangat Aman daripada fico di amalfi yg bau fignya mungkin sedikit aneh bagi seorang pemula.Dari scent aqua di parma sangat berkualitas,
Tapi dari lini aqua di parma rata rata mempunyai kekuarangan yaitu spl yg cukup lemah.",2021-11-01T14:09:51Z,6,Colonia Essenza,acqua di parma,Top 5 Acqua di Parma Fragrances | Indonesia Parfum Review
@aga3945,"Gue banget ini. udeh mondar mandir di lini designer yg gue rasa udeh semua sama dan bikin boring. Wuling cha, tiziana  t kirke dan montabaco intensivo udeh masuk list. 🔥🤙🤞🎸🤠🌈",2021-11-01T14:05:57Z,0,Colonia Essenza,acqua di parma,Top 5 Acqua di Parma Fragrances | Indonesia Parfum Review
@ismailali-vi1wx,Itu bracken nya di review ko 😁,2021-11-01T13:57:08Z,0,Colonia Essenza,acqua di parma,Top 5 Acqua di Parma Fragrances | Indonesia Parfum Review
@kevinadhiasta7647,Susah mau jadi pemula,2021-11-01T13:50:39Z,0,Colonia Essenza,acqua di parma,Top 5 Acqua di Parma Fragrances | Indonesia Parfum Review
@riyantolarkarahadi23,"House of Medici itu jatuhnya niche nggak, bang?",2021-11-01T13:32:02Z,0,Colonia Essenza,acqua di parma,Top 5 Acqua di Parma Fragrances | Indonesia Parfum Review
@sanwygaming,Semenjak liat channel ini makin sering beli parfum 😂,2021-11-01T13:29:40Z,8,Colonia Essenza,acqua di parma,Top 5 Acqua di Parma Fragrances | Indonesia Parfum Review
@wolessantuy1302,Kenapa gak sekalian disertakan info spl utk masing2 parfumnya koh?,2021-11-01T13:23:57Z,1,Colonia Essenza,acqua di parma,Top 5 Acqua di Parma Fragrances | Indonesia Parfum Review
@indrayanto8159,Newbie menyimak,2021-11-01T13:04:11Z,0,Colonia Essenza,acqua di parma,Top 5 Acqua di Parma Fragrances | Indonesia Parfum Review
@busanz2835,Request parfum aroma teh,2021-11-01T12:53:45Z,1,Colonia Essenza,acqua di parma,Top 5 Acqua di Parma Fragrances | Indonesia Parfum Review
@GunawanGoei,Kalau harga segitu bakalan jadi racun yg menguras kantong.,2021-11-01T12:47:54Z,3,Colonia Essenza,acqua di parma,Top 5 Acqua di Parma Fragrances | Indonesia Parfum Review
@lubismarzhelino2013,Intronya mana bang,2021-11-01T12:45:03Z,5,Colonia Essenza,acqua di parma,Top 5 Acqua di Parma Fragrances | Indonesia Parfum Review
@saprindj,Kedua,2021-11-01T12:38:19Z,1,Colonia Essenza,acqua di parma,Top 5 Acqua di Parma Fragrances | Indonesia Parfum Review
@iqbalrizald1,"Tim decant nyimak.
Ada nada iconnya, kirain notif dering hp sendiri 😂😂😂.
Harga sudah dipatok, spl sengaja gak disebutin om?
Rata2 moderate ya lini aqua di parma ini",2021-11-01T12:38:00Z,4,Colonia Essenza,acqua di parma,Top 5 Acqua di Parma Fragrances | Indonesia Parfum Review
@dailahminorakli3691,Pertama,2021-11-01T12:37:30Z,1,Colonia Essenza,acqua di parma,Top 5 Acqua di Parma Fragrances | Indonesia Parfum Review
@ScentsWithBenefits,"What is YOUR favorite from AdP?
78% of viewers are not subscribed, please consider subbing as it helps the channel :)",2023-01-12T21:50:54Z,1,Buongiorno Diffuser,acqua di parma,What Makes Acqua di Parma So Special? Perfume Company Review
@krisken88,"I have the green, fresh and unique😊",2024-12-13T03:26:31Z,0,Buongiorno Diffuser,acqua di parma,What Makes Acqua di Parma So Special? Perfume Company Review
@sikebukuro,"Eau Sauvage
Chanel Pour Monsieur 
and Aqua di Parma

All you need in beautiful, elegant  fragrances",2024-11-30T02:45:31Z,1,Buongiorno Diffuser,acqua di parma,What Makes Acqua di Parma So Special? Perfume Company Review
@preppychrisbou,I asked Santa 🎅 for ADP Mirto ❤,2024-11-23T05:13:31Z,0,Buongiorno Diffuser,acqua di parma,What Makes Acqua di Parma So Special? Perfume Company Review
@UniquePanther4life,One of my all time favorites,2024-10-24T18:48:07Z,2,Buongiorno Diffuser,acqua di parma,What Makes Acqua di Parma So Special? Perfume Company Review
@stevenweix4330,Ambra is my favorite!!!!,2024-10-09T07:48:15Z,0,Buongiorno Diffuser,acqua di parma,What Makes Acqua di Parma So Special? Perfume Company Review
@LDMTX6,My fave is Note di Colonia III.,2024-10-04T02:23:26Z,1,Buongiorno Diffuser,acqua di parma,What Makes Acqua di Parma So Special? Perfume Company Review
@EueDrum-y8j,Maxwell Ridges,2024-09-21T01:20:56Z,0,Buongiorno Diffuser,acqua di parma,What Makes Acqua di Parma So Special? Perfume Company Review
@SusanaRomero-z4y,Freida Mission,2024-09-20T07:24:55Z,0,Buongiorno Diffuser,acqua di parma,What Makes Acqua di Parma So Special? Perfume Company Review
@BeckLynn-j5i,Pacocha Circle,2024-09-20T02:46:02Z,0,Buongiorno Diffuser,acqua di parma,What Makes Acqua di Parma So Special? Perfume Company Review
@TitusAugust-l6n,Rodriguez Ferry,2024-09-18T19:01:40Z,0,Buongiorno Diffuser,acqua di parma,What Makes Acqua di Parma So Special? Perfume Company Review
@BurtBarrios-r6d,Malachi Mews,2024-09-17T16:14:15Z,0,Buongiorno Diffuser,acqua di parma,What Makes Acqua di Parma So Special? Perfume Company Review
@LeightonRebecca-q4f,Felipe Harbor,2024-09-13T21:22:55Z,0,Buongiorno Diffuser,acqua di parma,What Makes Acqua di Parma So Special? Perfume Company Review
@LatrishaUchida-i1y,Shanon Orchard,2024-09-13T16:12:02Z,0,Buongiorno Diffuser,acqua di parma,What Makes Acqua di Parma So Special? Perfume Company Review
@RobertRichardson-o1c,Maryjane Alley,2024-09-13T00:53:18Z,0,Buongiorno Diffuser,acqua di parma,What Makes Acqua di Parma So Special? Perfume Company Review
@ChiHoxie-x2e,Lakin Causeway,2024-09-11T16:18:17Z,0,Buongiorno Diffuser,acqua di parma,What Makes Acqua di Parma So Special? Perfume Company Review
@LoreneBaker-d9q,Penelope Road,2024-09-11T11:44:40Z,0,Buongiorno Diffuser,acqua di parma,What Makes Acqua di Parma So Special? Perfume Company Review
@ZangwillLester-p5s,Alice Tunnel,2024-09-04T15:47:59Z,0,Buongiorno Diffuser,acqua di parma,What Makes Acqua di Parma So Special? Perfume Company Review
@mercedesbenzs600bash,"Scent of the day is Colonia Club,so refreshing,cool and minty,so very good...",2024-07-16T21:22:11Z,0,Buongiorno Diffuser,acqua di parma,What Makes Acqua di Parma So Special? Perfume Company Review
@bradleyparker7284,I have bottles of this stuff... It smells like cheap crap,2024-03-19T23:18:16Z,0,Buongiorno Diffuser,acqua di parma,What Makes Acqua di Parma So Special? Perfume Company Review
@briang530,Escenza and Quercia are my favorites but it's really hard to argue with original Colonia or Fico,2024-02-06T09:02:34Z,0,Buongiorno Diffuser,acqua di parma,What Makes Acqua di Parma So Special? Perfume Company Review
@oliverriezebos,"Oud and spice is insane

Update: I now have smelled stuff I think is way better, but from Acqua di Parma it’s by far my fav",2024-01-07T00:11:22Z,10,Buongiorno Diffuser,acqua di parma,What Makes Acqua di Parma So Special? Perfume Company Review
@frankiegee5260,The best fragrance hands down!,2023-12-31T00:34:53Z,2,Buongiorno Diffuser,acqua di parma,What Makes Acqua di Parma So Special? Perfume Company Review
@samuelplesa,"I love the arancia di capri , fico di amalfi , but it doesn t stay too long on my skin , as you said 4 ... 6 hours.  And i love the colonia pura , it Stays long enough ! Love them !",2023-10-30T19:11:11Z,1,Buongiorno Diffuser,acqua di parma,What Makes Acqua di Parma So Special? Perfume Company Review
@RokSlana,"Colonia Mirra is the scent that sent me into the world of fragrances somehow. Out of curiosity I've ordered a dozen sampels of different fragrances online (the 2ml ones), whatever I could find, all over the place, all different brands (I didn't have a clue what I was getting myself into). As I smelled them when I got to AdP Colonia Mirra my first thought was 'Who would  want to wear this? This almost smells like sweat, for Gods sake' and I put it aside as something I wasn't coming back to. A few days later out of curiosity I smelled it again - and this time something clicked in my brain. Suddenly I discovered something unusually pleasing in the strange scent and the more I smelled it the more I was in awe. It was like discovering a hidden world, It's hard to articulate the strangeness of going from sort of disgust to inspired by a scent  in a  matter of a few days. 

Keep up the content, cheers from Europe.",2023-04-20T20:42:58Z,0,Buongiorno Diffuser,acqua di parma,What Makes Acqua di Parma So Special? Perfume Company Review
@vitorboucas192,"The best of Blue Line for me is discontinued ""Cedro di Taormina"". The Colonia line both Assoluta and Club (also discontinued) are amazing. Oud and Leather are the best from de the ""signatures of the sun""s line.",2023-01-25T18:40:47Z,1,Buongiorno Diffuser,acqua di parma,What Makes Acqua di Parma So Special? Perfume Company Review
@bittersick,"Their Signarure of the Sun collection is a great line where they go for more richer and bolder scents (oud, leather, vanilla, amber...).  The fragrances of the line focuses on one note and add their signature AdP DNA in it. Worth checking out.",2023-01-15T21:48:37Z,2,Buongiorno Diffuser,acqua di parma,What Makes Acqua di Parma So Special? Perfume Company Review
@luckydc3761,only 4-6 hours...?,2023-01-13T16:46:55Z,1,Buongiorno Diffuser,acqua di parma,What Makes Acqua di Parma So Special? Perfume Company Review
@ShawnC07,How do you choose the ADP blu mediterraneo? There are so many variations of them,2023-01-13T03:30:42Z,0,Buongiorno Diffuser,acqua di parma,What Makes Acqua di Parma So Special? Perfume Company Review
@jamesscott1711,Thanks for the overview 👍👍👍👍,2023-01-13T03:05:29Z,0,Buongiorno Diffuser,acqua di parma,What Makes Acqua di Parma So Special? Perfume Company Review
@Alwaysunderablanket,"Fico and Pura for me…also have Oud, which is beautiful but a lot heavier/deeper than the citrus scents",2023-01-13T02:39:58Z,1,Buongiorno Diffuser,acqua di parma,What Makes Acqua di Parma So Special? Perfume Company Review
@samrichards9321,I love blue Mediterraneo mirto di panarea its super unique,2023-01-13T01:01:21Z,9,Buongiorno Diffuser,acqua di parma,What Makes Acqua di Parma So Special? Perfume Company Review
@tym5473,i really like colonia pura,2023-01-12T23:28:36Z,2,Buongiorno Diffuser,acqua di parma,What Makes Acqua di Parma So Special? Perfume Company Review
@2ez._.F82,Love your channel I learn a lot :),2023-01-12T22:10:31Z,1,Buongiorno Diffuser,acqua di parma,What Makes Acqua di Parma So Special? Perfume Company Review
@ScentsWithBenefits,"What is YOUR favorite from AdP?
78% of viewers are not subscribed, please consider subbing as it helps the channel :)",2023-01-12T21:50:54Z,1,Buongiorno Diffuser,acqua di parma,What Makes Acqua di Parma So Special? Perfume Company Review
@jc2052,Thanks for review... Costco used to have Acqua di Parma for cheap and excellent return policy.  Hopefully it will show online soon...,2023-01-12T20:58:59Z,1,Buongiorno Diffuser,acqua di parma,What Makes Acqua di Parma So Special? Perfume Company Review
@SchoolOfScent,"Loved this summary, one of the best brands out there! Definitely try Colonia Essenza if you haven't already Kamil.",2023-01-12T18:38:32Z,4,Buongiorno Diffuser,acqua di parma,What Makes Acqua di Parma So Special? Perfume Company Review
@chayenblue1985,"Erneut ein ganz großes Dankeschön für all deine Mühen und deinen tollen Content! Du bist in kürzester Zeit wirklich zu einem meiner liebsten YouTuber geworden! An deinem Kanal sieht man, dass es nicht immer lauter, verrückter und durchgeknallter sein muss - deine ruhige, erwachsene und professionelle Art ist so viel wertvoller! Bleib so wie du bist und ich bin mir sicher, dass du noch viele treue Follower gewinnen wirst 😉👍",2023-01-12T17:22:35Z,6,Buongiorno Diffuser,acqua di parma,What Makes Acqua di Parma So Special? Perfume Company Review
@ranggatohjaya7612,"Ko mike, tanya dupe acqua di parma",2025-04-20T10:49:01Z,0,Colonia Pura,acqua di parma,Top 5 Acqua di Parma Fragrances | Indonesia Parfum Review
@rudysutama493,"Semua lini parfum Acqua di Parma itu Sillage nya 10/100, ketahanan paling 1-2 jam, gradually weaken setelah itu hilang ghoib tak berbekas. Ini kelemahan utamanya. Performa terbaiknya adalah begitu mulai disemprot sampai 5-10 menit pertama. Tapi wangi fragrance nya luar biasa di menit2 awal itu.

Sudah punya semua yg direview koh di sini plus beberapa serie black EDP nya. Semua karakternya sama spt di atas dari yg paling murah smp yg paling mahal, SL nya jeblok, mirip parfum kelas supermarket/counter indomaret. Tapi harga mewah kelas Mall Plaza Senayan.

Kalau harus beli parfum Acqua di Parma, rekomendasi saya sbb:

Man:
1. ADP Essenza (Cologne)
2. ADP Blu Bergamotto di Calabrian (EDT)
3. ADP Colonia Oud (Cologne) discontinued (di online masih ada bbrp toko pro)

Unisex:
4. ADP Oud (EDP)

Woman (EDP):
5. ADP Magnolia Infinita
6. ADP Lily of The Valley
7. ADP Ousmanthus/Yuzu
8. ADP Sakura",2024-11-16T23:38:19Z,3,Colonia Pura,acqua di parma,Top 5 Acqua di Parma Fragrances | Indonesia Parfum Review
@ockeadenry5601,baru liat dan leather tidak dalam top 5 😢,2024-04-04T13:32:44Z,0,Colonia Pura,acqua di parma,Top 5 Acqua di Parma Fragrances | Indonesia Parfum Review
@psindhuaji,apa ADP ada clonenya?,2023-09-24T12:07:58Z,0,Colonia Pura,acqua di parma,Top 5 Acqua di Parma Fragrances | Indonesia Parfum Review
@kopeda8760,hah adp dibawah 1.5?,2022-11-15T15:41:56Z,0,Colonia Pura,acqua di parma,Top 5 Acqua di Parma Fragrances | Indonesia Parfum Review
@Sensuallifetv,Acqua di parma la spugnatura the best menurut gw,2022-07-04T18:15:47Z,0,Colonia Pura,acqua di parma,Top 5 Acqua di Parma Fragrances | Indonesia Parfum Review
@ncid8546,Spl ny gimana koh lini acqua di parma..kok gak di sebutin,2022-04-03T09:37:11Z,0,Colonia Pura,acqua di parma,Top 5 Acqua di Parma Fragrances | Indonesia Parfum Review
@baniadam1541,"Yg hobinya bacot & protes sm parfum mulutnya bakalan ""tersumpal"" oleh colonia pura wkwkwkwkwk 🤣",2022-04-02T23:35:44Z,0,Colonia Pura,acqua di parma,Top 5 Acqua di Parma Fragrances | Indonesia Parfum Review
@divasagita9135,"Ane punya vial Acqua Di parma colonial futura, lama2 scent vibe nya mirip OML, enak banget",2021-12-04T19:19:24Z,0,Colonia Pura,acqua di parma,Top 5 Acqua di Parma Fragrances | Indonesia Parfum Review
@andrekurniawan9232,"Ga tertarik review geparlys grey black bang ? 
Katanya mirip sama ysl l’homme le parfum",2021-11-03T05:57:53Z,0,Colonia Pura,acqua di parma,Top 5 Acqua di Parma Fragrances | Indonesia Parfum Review
@adirahman11,Lanjut reviuw versace eros parfum koh mike💪🏻❤️,2021-11-03T03:12:45Z,1,Colonia Pura,acqua di parma,Top 5 Acqua di Parma Fragrances | Indonesia Parfum Review
@warganet2501,"Bro, ozonic notes itu apa?",2021-11-02T23:00:53Z,0,Colonia Pura,acqua di parma,Top 5 Acqua di Parma Fragrances | Indonesia Parfum Review
@ekodianwahyudi5190,Koh..review full Malik Al Tayor by Lattafa dong yg divideo lu sebelumnya bilang mirip banget dgn Lacoste L'homme Intense,2021-11-02T19:21:12Z,0,Colonia Pura,acqua di parma,Top 5 Acqua di Parma Fragrances | Indonesia Parfum Review
@akuregulus,review edt adidas bang,2021-11-02T17:48:59Z,0,Colonia Pura,acqua di parma,Top 5 Acqua di Parma Fragrances | Indonesia Parfum Review
@Gondres-qw2kg,"bang review parfume buat kerja restoran,  wanginya Ada manis2nyaa, vanilla +cool + tahan lama",2021-11-02T15:08:16Z,0,Colonia Pura,acqua di parma,Top 5 Acqua di Parma Fragrances | Indonesia Parfum Review
@azacrome,Next parfum yang nggak ada aromanya :,2021-11-02T12:00:10Z,0,Colonia Pura,acqua di parma,Top 5 Acqua di Parma Fragrances | Indonesia Parfum Review
@ardibenarfa6536,Next review dari Lini Rasasi at Parfum timur tengah terbaik Broo... 🔥🔥🔥,2021-11-02T10:47:25Z,0,Colonia Pura,acqua di parma,Top 5 Acqua di Parma Fragrances | Indonesia Parfum Review
@bandonsaurus9888,Bang review dong bang plis parfum Egoiste Chanel Tapi bukan yang platinum Egoiste ya bang tapi yang Egoiste Chanel aja 🙏🙏🙏🙏🙏🙏🙏🙏🙏🙏🙏🙏🙏,2021-11-02T10:01:05Z,1,Colonia Pura,acqua di parma,Top 5 Acqua di Parma Fragrances | Indonesia Parfum Review
@indrahingkua4410,Intro kelupaan 😁,2021-11-02T08:06:39Z,0,Colonia Pura,acqua di parma,Top 5 Acqua di Parma Fragrances | Indonesia Parfum Review
@ezetchannel6899,Tahun ini 100k subs yooo semangat yooo,2021-11-02T05:32:41Z,0,Colonia Pura,acqua di parma,Top 5 Acqua di Parma Fragrances | Indonesia Parfum Review
@andreychandra,Muantap,2021-11-02T04:59:01Z,0,Colonia Pura,acqua di parma,Top 5 Acqua di Parma Fragrances | Indonesia Parfum Review
@deniy.saputro8136,Arancia di Capri juga joss koh 😂👍,2021-11-02T04:11:22Z,0,Colonia Pura,acqua di parma,Top 5 Acqua di Parma Fragrances | Indonesia Parfum Review
@racketboy-j6m,Bg request parfume yg harum cucumber dong,2021-11-02T04:02:17Z,0,Colonia Pura,acqua di parma,Top 5 Acqua di Parma Fragrances | Indonesia Parfum Review
@haidarhaidir663,"Sekali2 review pengharum mobil sama rumah koh, bagus tuh keknya",2021-11-02T00:33:09Z,1,Colonia Pura,acqua di parma,Top 5 Acqua di Parma Fragrances | Indonesia Parfum Review
@FadhilAnanta,Bro minta saran dong parfum yg wanginya mirip² Sf uomo signature sama parfum fresh yg rekomen tapi harganya yg masih bersahabat hehe,2021-11-02T00:17:25Z,1,Colonia Pura,acqua di parma,Top 5 Acqua di Parma Fragrances | Indonesia Parfum Review
@rizkyalfathir3649,"My favorite house, awalnya gara2 Amenities di Trans Luxury Hotel itu Acqua di Parma, akhirnya nemu di Lafayette Pacific Place dan Body lotion nya jadi Signature Lotion sampe sekarang",2021-11-01T19:24:31Z,1,Colonia Pura,acqua di parma,Top 5 Acqua di Parma Fragrances | Indonesia Parfum Review
@batmanwholaughs555,Amazing greatest review perfume good job keep it up amazing,2021-11-01T17:37:58Z,1,Colonia Pura,acqua di parma,Top 5 Acqua di Parma Fragrances | Indonesia Parfum Review
@wildan21,kameranya pake apa ini ko? bening bgt..,2021-11-01T17:24:06Z,0,Colonia Pura,acqua di parma,Top 5 Acqua di Parma Fragrances | Indonesia Parfum Review
@adesukendar6989,"Gwe kelas 500 kebawah 😁, ini chanel keren⭐⭐⭐⭐⭐",2021-11-01T16:50:55Z,1,Colonia Pura,acqua di parma,Top 5 Acqua di Parma Fragrances | Indonesia Parfum Review
@adhidarmasc7569,"Kok info kisaran harga, longevity, spl dan yg lain biasanya kok kali ini ga di cantumkan lagi koh?",2021-11-01T16:24:08Z,6,Colonia Pura,acqua di parma,Top 5 Acqua di Parma Fragrances | Indonesia Parfum Review
@junisusanto5308,Bang review parfum l'homme ideal extreme donk,2021-11-01T15:28:29Z,0,Colonia Pura,acqua di parma,Top 5 Acqua di Parma Fragrances | Indonesia Parfum Review
@andrisetiawan4673,"Review Zara RWA dong koh, yang baru baru ini katanya udah reform",2021-11-01T14:45:38Z,2,Colonia Pura,acqua di parma,Top 5 Acqua di Parma Fragrances | Indonesia Parfum Review
@miracle0072,"The best aqua di parma menurut opini pribadi Saya :
1.Arancia di Capri, Dan
2. colonia Pura.
Colonia Pura parfum yg sangat Aman daripada fico di amalfi yg bau fignya mungkin sedikit aneh bagi seorang pemula.Dari scent aqua di parma sangat berkualitas,
Tapi dari lini aqua di parma rata rata mempunyai kekuarangan yaitu spl yg cukup lemah.",2021-11-01T14:09:51Z,6,Colonia Pura,acqua di parma,Top 5 Acqua di Parma Fragrances | Indonesia Parfum Review
@aga3945,"Gue banget ini. udeh mondar mandir di lini designer yg gue rasa udeh semua sama dan bikin boring. Wuling cha, tiziana  t kirke dan montabaco intensivo udeh masuk list. 🔥🤙🤞🎸🤠🌈",2021-11-01T14:05:57Z,0,Colonia Pura,acqua di parma,Top 5 Acqua di Parma Fragrances | Indonesia Parfum Review
@ismailali-vi1wx,Itu bracken nya di review ko 😁,2021-11-01T13:57:08Z,0,Colonia Pura,acqua di parma,Top 5 Acqua di Parma Fragrances | Indonesia Parfum Review
@kevinadhiasta7647,Susah mau jadi pemula,2021-11-01T13:50:39Z,0,Colonia Pura,acqua di parma,Top 5 Acqua di Parma Fragrances | Indonesia Parfum Review
@riyantolarkarahadi23,"House of Medici itu jatuhnya niche nggak, bang?",2021-11-01T13:32:02Z,0,Colonia Pura,acqua di parma,Top 5 Acqua di Parma Fragrances | Indonesia Parfum Review
@sanwygaming,Semenjak liat channel ini makin sering beli parfum 😂,2021-11-01T13:29:40Z,8,Colonia Pura,acqua di parma,Top 5 Acqua di Parma Fragrances | Indonesia Parfum Review
@wolessantuy1302,Kenapa gak sekalian disertakan info spl utk masing2 parfumnya koh?,2021-11-01T13:23:57Z,1,Colonia Pura,acqua di parma,Top 5 Acqua di Parma Fragrances | Indonesia Parfum Review
@indrayanto8159,Newbie menyimak,2021-11-01T13:04:11Z,0,Colonia Pura,acqua di parma,Top 5 Acqua di Parma Fragrances | Indonesia Parfum Review
@busanz2835,Request parfum aroma teh,2021-11-01T12:53:45Z,1,Colonia Pura,acqua di parma,Top 5 Acqua di Parma Fragrances | Indonesia Parfum Review
@GunawanGoei,Kalau harga segitu bakalan jadi racun yg menguras kantong.,2021-11-01T12:47:54Z,3,Colonia Pura,acqua di parma,Top 5 Acqua di Parma Fragrances | Indonesia Parfum Review
@lubismarzhelino2013,Intronya mana bang,2021-11-01T12:45:03Z,5,Colonia Pura,acqua di parma,Top 5 Acqua di Parma Fragrances | Indonesia Parfum Review
@saprindj,Kedua,2021-11-01T12:38:19Z,1,Colonia Pura,acqua di parma,Top 5 Acqua di Parma Fragrances | Indonesia Parfum Review
@iqbalrizald1,"Tim decant nyimak.
Ada nada iconnya, kirain notif dering hp sendiri 😂😂😂.
Harga sudah dipatok, spl sengaja gak disebutin om?
Rata2 moderate ya lini aqua di parma ini",2021-11-01T12:38:00Z,4,Colonia Pura,acqua di parma,Top 5 Acqua di Parma Fragrances | Indonesia Parfum Review
@dailahminorakli3691,Pertama,2021-11-01T12:37:30Z,1,Colonia Pura,acqua di parma,Top 5 Acqua di Parma Fragrances | Indonesia Parfum Review
@dinopalavra876,"Really 8-10 hours? Id say 90% of reviews say its 4-6 hours max, some even say its gone after 2 hours. Thats interesting. Maybe its worth buying after all.",2024-06-27T11:11:49Z,0,Arancia di Capri Candle,acqua di parma,Acqua di Parma Arancia di Capri ~ GaVo* Perfumery
@millenialbroadcast,Do you still wear this fragrance?,2023-10-02T20:11:44Z,0,Arancia di Capri Candle,acqua di parma,Acqua di Parma Arancia di Capri ~ GaVo* Perfumery
@УлугбекУмаров-в9я,Да это летникий аромат безусловно,2022-05-17T12:59:03Z,0,Arancia di Capri Candle,acqua di parma,Acqua di Parma Arancia di Capri ~ GaVo* Perfumery
@ScentsWithBenefits,"What is YOUR favorite from AdP?
78% of viewers are not subscribed, please consider subbing as it helps the channel :)",2023-01-12T21:50:54Z,1,Luce di Colonia Diffuser,acqua di parma,What Makes Acqua di Parma So Special? Perfume Company Review
@krisken88,"I have the green, fresh and unique😊",2024-12-13T03:26:31Z,0,Luce di Colonia Diffuser,acqua di parma,What Makes Acqua di Parma So Special? Perfume Company Review
@sikebukuro,"Eau Sauvage
Chanel Pour Monsieur 
and Aqua di Parma

All you need in beautiful, elegant  fragrances",2024-11-30T02:45:31Z,1,Luce di Colonia Diffuser,acqua di parma,What Makes Acqua di Parma So Special? Perfume Company Review
@preppychrisbou,I asked Santa 🎅 for ADP Mirto ❤,2024-11-23T05:13:31Z,0,Luce di Colonia Diffuser,acqua di parma,What Makes Acqua di Parma So Special? Perfume Company Review
@UniquePanther4life,One of my all time favorites,2024-10-24T18:48:07Z,2,Luce di Colonia Diffuser,acqua di parma,What Makes Acqua di Parma So Special? Perfume Company Review
@stevenweix4330,Ambra is my favorite!!!!,2024-10-09T07:48:15Z,0,Luce di Colonia Diffuser,acqua di parma,What Makes Acqua di Parma So Special? Perfume Company Review
@LDMTX6,My fave is Note di Colonia III.,2024-10-04T02:23:26Z,1,Luce di Colonia Diffuser,acqua di parma,What Makes Acqua di Parma So Special? Perfume Company Review
@EueDrum-y8j,Maxwell Ridges,2024-09-21T01:20:56Z,0,Luce di Colonia Diffuser,acqua di parma,What Makes Acqua di Parma So Special? Perfume Company Review
@SusanaRomero-z4y,Freida Mission,2024-09-20T07:24:55Z,0,Luce di Colonia Diffuser,acqua di parma,What Makes Acqua di Parma So Special? Perfume Company Review
@BeckLynn-j5i,Pacocha Circle,2024-09-20T02:46:02Z,0,Luce di Colonia Diffuser,acqua di parma,What Makes Acqua di Parma So Special? Perfume Company Review
@TitusAugust-l6n,Rodriguez Ferry,2024-09-18T19:01:40Z,0,Luce di Colonia Diffuser,acqua di parma,What Makes Acqua di Parma So Special? Perfume Company Review
@BurtBarrios-r6d,Malachi Mews,2024-09-17T16:14:15Z,0,Luce di Colonia Diffuser,acqua di parma,What Makes Acqua di Parma So Special? Perfume Company Review
@LeightonRebecca-q4f,Felipe Harbor,2024-09-13T21:22:55Z,0,Luce di Colonia Diffuser,acqua di parma,What Makes Acqua di Parma So Special? Perfume Company Review
@LatrishaUchida-i1y,Shanon Orchard,2024-09-13T16:12:02Z,0,Luce di Colonia Diffuser,acqua di parma,What Makes Acqua di Parma So Special? Perfume Company Review
@RobertRichardson-o1c,Maryjane Alley,2024-09-13T00:53:18Z,0,Luce di Colonia Diffuser,acqua di parma,What Makes Acqua di Parma So Special? Perfume Company Review
@ChiHoxie-x2e,Lakin Causeway,2024-09-11T16:18:17Z,0,Luce di Colonia Diffuser,acqua di parma,What Makes Acqua di Parma So Special? Perfume Company Review
@LoreneBaker-d9q,Penelope Road,2024-09-11T11:44:40Z,0,Luce di Colonia Diffuser,acqua di parma,What Makes Acqua di Parma So Special? Perfume Company Review
@ZangwillLester-p5s,Alice Tunnel,2024-09-04T15:47:59Z,0,Luce di Colonia Diffuser,acqua di parma,What Makes Acqua di Parma So Special? Perfume Company Review
@mercedesbenzs600bash,"Scent of the day is Colonia Club,so refreshing,cool and minty,so very good...",2024-07-16T21:22:11Z,0,Luce di Colonia Diffuser,acqua di parma,What Makes Acqua di Parma So Special? Perfume Company Review
@bradleyparker7284,I have bottles of this stuff... It smells like cheap crap,2024-03-19T23:18:16Z,0,Luce di Colonia Diffuser,acqua di parma,What Makes Acqua di Parma So Special? Perfume Company Review
@briang530,Escenza and Quercia are my favorites but it's really hard to argue with original Colonia or Fico,2024-02-06T09:02:34Z,0,Luce di Colonia Diffuser,acqua di parma,What Makes Acqua di Parma So Special? Perfume Company Review
@oliverriezebos,"Oud and spice is insane

Update: I now have smelled stuff I think is way better, but from Acqua di Parma it’s by far my fav",2024-01-07T00:11:22Z,10,Luce di Colonia Diffuser,acqua di parma,What Makes Acqua di Parma So Special? Perfume Company Review
@frankiegee5260,The best fragrance hands down!,2023-12-31T00:34:53Z,2,Luce di Colonia Diffuser,acqua di parma,What Makes Acqua di Parma So Special? Perfume Company Review
@samuelplesa,"I love the arancia di capri , fico di amalfi , but it doesn t stay too long on my skin , as you said 4 ... 6 hours.  And i love the colonia pura , it Stays long enough ! Love them !",2023-10-30T19:11:11Z,1,Luce di Colonia Diffuser,acqua di parma,What Makes Acqua di Parma So Special? Perfume Company Review
@RokSlana,"Colonia Mirra is the scent that sent me into the world of fragrances somehow. Out of curiosity I've ordered a dozen sampels of different fragrances online (the 2ml ones), whatever I could find, all over the place, all different brands (I didn't have a clue what I was getting myself into). As I smelled them when I got to AdP Colonia Mirra my first thought was 'Who would  want to wear this? This almost smells like sweat, for Gods sake' and I put it aside as something I wasn't coming back to. A few days later out of curiosity I smelled it again - and this time something clicked in my brain. Suddenly I discovered something unusually pleasing in the strange scent and the more I smelled it the more I was in awe. It was like discovering a hidden world, It's hard to articulate the strangeness of going from sort of disgust to inspired by a scent  in a  matter of a few days. 

Keep up the content, cheers from Europe.",2023-04-20T20:42:58Z,0,Luce di Colonia Diffuser,acqua di parma,What Makes Acqua di Parma So Special? Perfume Company Review
@vitorboucas192,"The best of Blue Line for me is discontinued ""Cedro di Taormina"". The Colonia line both Assoluta and Club (also discontinued) are amazing. Oud and Leather are the best from de the ""signatures of the sun""s line.",2023-01-25T18:40:47Z,1,Luce di Colonia Diffuser,acqua di parma,What Makes Acqua di Parma So Special? Perfume Company Review
@bittersick,"Their Signarure of the Sun collection is a great line where they go for more richer and bolder scents (oud, leather, vanilla, amber...).  The fragrances of the line focuses on one note and add their signature AdP DNA in it. Worth checking out.",2023-01-15T21:48:37Z,2,Luce di Colonia Diffuser,acqua di parma,What Makes Acqua di Parma So Special? Perfume Company Review
@luckydc3761,only 4-6 hours...?,2023-01-13T16:46:55Z,1,Luce di Colonia Diffuser,acqua di parma,What Makes Acqua di Parma So Special? Perfume Company Review
@ShawnC07,How do you choose the ADP blu mediterraneo? There are so many variations of them,2023-01-13T03:30:42Z,0,Luce di Colonia Diffuser,acqua di parma,What Makes Acqua di Parma So Special? Perfume Company Review
@jamesscott1711,Thanks for the overview 👍👍👍👍,2023-01-13T03:05:29Z,0,Luce di Colonia Diffuser,acqua di parma,What Makes Acqua di Parma So Special? Perfume Company Review
@Alwaysunderablanket,"Fico and Pura for me…also have Oud, which is beautiful but a lot heavier/deeper than the citrus scents",2023-01-13T02:39:58Z,1,Luce di Colonia Diffuser,acqua di parma,What Makes Acqua di Parma So Special? Perfume Company Review
@samrichards9321,I love blue Mediterraneo mirto di panarea its super unique,2023-01-13T01:01:21Z,9,Luce di Colonia Diffuser,acqua di parma,What Makes Acqua di Parma So Special? Perfume Company Review
@tym5473,i really like colonia pura,2023-01-12T23:28:36Z,2,Luce di Colonia Diffuser,acqua di parma,What Makes Acqua di Parma So Special? Perfume Company Review
@2ez._.F82,Love your channel I learn a lot :),2023-01-12T22:10:31Z,1,Luce di Colonia Diffuser,acqua di parma,What Makes Acqua di Parma So Special? Perfume Company Review
@ScentsWithBenefits,"What is YOUR favorite from AdP?
78% of viewers are not subscribed, please consider subbing as it helps the channel :)",2023-01-12T21:50:54Z,1,Luce di Colonia Diffuser,acqua di parma,What Makes Acqua di Parma So Special? Perfume Company Review
@jc2052,Thanks for review... Costco used to have Acqua di Parma for cheap and excellent return policy.  Hopefully it will show online soon...,2023-01-12T20:58:59Z,1,Luce di Colonia Diffuser,acqua di parma,What Makes Acqua di Parma So Special? Perfume Company Review
@SchoolOfScent,"Loved this summary, one of the best brands out there! Definitely try Colonia Essenza if you haven't already Kamil.",2023-01-12T18:38:32Z,4,Luce di Colonia Diffuser,acqua di parma,What Makes Acqua di Parma So Special? Perfume Company Review
@chayenblue1985,"Erneut ein ganz großes Dankeschön für all deine Mühen und deinen tollen Content! Du bist in kürzester Zeit wirklich zu einem meiner liebsten YouTuber geworden! An deinem Kanal sieht man, dass es nicht immer lauter, verrückter und durchgeknallter sein muss - deine ruhige, erwachsene und professionelle Art ist so viel wertvoller! Bleib so wie du bist und ich bin mir sicher, dass du noch viele treue Follower gewinnen wirst 😉👍",2023-01-12T17:22:35Z,6,Luce di Colonia Diffuser,acqua di parma,What Makes Acqua di Parma So Special? Perfume Company Review
@EliElizabethh,Thank you so much for watching! Leave some videos ideas down below :),2021-05-29T15:26:55Z,1,Baomint Moisturizing Shampoo,adwoa beauty,"VLOG: New Shampoo At Sephora, Marshalls, Grocery Shopping, &amp; Food!"
@Lululovespatches,Fun vlog!👍😀🥭,2021-07-22T21:46:48Z,0,Baomint Moisturizing Shampoo,adwoa beauty,"VLOG: New Shampoo At Sephora, Marshalls, Grocery Shopping, &amp; Food!"
@trenice2693,🥭🥭🥭🥭🥭,2021-06-03T19:10:17Z,0,Baomint Moisturizing Shampoo,adwoa beauty,"VLOG: New Shampoo At Sephora, Marshalls, Grocery Shopping, &amp; Food!"
@trenice2693,Always luv the food stuff!!😋🥰👍🏾,2021-06-03T19:07:21Z,0,Baomint Moisturizing Shampoo,adwoa beauty,"VLOG: New Shampoo At Sephora, Marshalls, Grocery Shopping, &amp; Food!"
@MariaSantos-ph3oh,🥭🥰,2021-05-31T00:43:47Z,0,Baomint Moisturizing Shampoo,adwoa beauty,"VLOG: New Shampoo At Sephora, Marshalls, Grocery Shopping, &amp; Food!"
@brixtina,Slay Queen 👑 Lovely Video 🔥🔥🔥,2021-05-30T06:52:18Z,0,Baomint Moisturizing Shampoo,adwoa beauty,"VLOG: New Shampoo At Sephora, Marshalls, Grocery Shopping, &amp; Food!"
@karriep,🥭,2021-05-30T01:33:42Z,0,Baomint Moisturizing Shampoo,adwoa beauty,"VLOG: New Shampoo At Sephora, Marshalls, Grocery Shopping, &amp; Food!"
@kiriforever1,🥭. Not a fan of this type of random blog. Not enough content. I like the use of products and how it works on your hair.,2021-05-30T00:55:34Z,0,Baomint Moisturizing Shampoo,adwoa beauty,"VLOG: New Shampoo At Sephora, Marshalls, Grocery Shopping, &amp; Food!"
@sonialucas7132,🥭,2021-05-30T00:16:06Z,0,Baomint Moisturizing Shampoo,adwoa beauty,"VLOG: New Shampoo At Sephora, Marshalls, Grocery Shopping, &amp; Food!"
@penneysanchez3147,🥭👍😁,2021-05-29T19:51:26Z,0,Baomint Moisturizing Shampoo,adwoa beauty,"VLOG: New Shampoo At Sephora, Marshalls, Grocery Shopping, &amp; Food!"
@lorienickason8321,I like videos when we go shopping! I am in Canada and no Ulta so i love seeing what’s there!  🥭,2021-05-29T19:35:22Z,0,Baomint Moisturizing Shampoo,adwoa beauty,"VLOG: New Shampoo At Sephora, Marshalls, Grocery Shopping, &amp; Food!"
@adrianafoster6555,🥭😁,2021-05-29T19:22:51Z,0,Baomint Moisturizing Shampoo,adwoa beauty,"VLOG: New Shampoo At Sephora, Marshalls, Grocery Shopping, &amp; Food!"
@curlygirl5828,I luv vlogs like this!!🍓( didn't have a mango emoji)🤷...i also luv the hair tutorials.....Great vid!!😎,2021-05-29T19:00:09Z,0,Baomint Moisturizing Shampoo,adwoa beauty,"VLOG: New Shampoo At Sephora, Marshalls, Grocery Shopping, &amp; Food!"
@deidred304,I love it when you take us shopping!  I get a good view of what’s out on the shelves right now!  Thanks for sharing 😊,2021-05-29T17:35:52Z,2,Baomint Moisturizing Shampoo,adwoa beauty,"VLOG: New Shampoo At Sephora, Marshalls, Grocery Shopping, &amp; Food!"
@SummerSunset2207,🥭,2021-05-29T17:30:21Z,0,Baomint Moisturizing Shampoo,adwoa beauty,"VLOG: New Shampoo At Sephora, Marshalls, Grocery Shopping, &amp; Food!"
@finecurls2291,🥭,2021-05-29T17:07:31Z,0,Baomint Moisturizing Shampoo,adwoa beauty,"VLOG: New Shampoo At Sephora, Marshalls, Grocery Shopping, &amp; Food!"
@diana4043,"Yum, mango mousse!",2021-05-29T16:28:43Z,0,Baomint Moisturizing Shampoo,adwoa beauty,"VLOG: New Shampoo At Sephora, Marshalls, Grocery Shopping, &amp; Food!"
@1922mistyblue,🥭,2021-05-29T16:25:31Z,0,Baomint Moisturizing Shampoo,adwoa beauty,"VLOG: New Shampoo At Sephora, Marshalls, Grocery Shopping, &amp; Food!"
@melitorres561,Hi ...yes post recipes on instegram... I love learning cooking different things.,2021-05-29T15:36:08Z,0,Baomint Moisturizing Shampoo,adwoa beauty,"VLOG: New Shampoo At Sephora, Marshalls, Grocery Shopping, &amp; Food!"
@EliElizabethh,Thank you so much for watching! Leave some videos ideas down below :),2021-05-29T15:26:55Z,1,Baomint Protect + Shine Oil Blend,adwoa beauty,"VLOG: New Shampoo At Sephora, Marshalls, Grocery Shopping, &amp; Food!"
@Lululovespatches,Fun vlog!👍😀🥭,2021-07-22T21:46:48Z,0,Baomint Protect + Shine Oil Blend,adwoa beauty,"VLOG: New Shampoo At Sephora, Marshalls, Grocery Shopping, &amp; Food!"
@trenice2693,🥭🥭🥭🥭🥭,2021-06-03T19:10:17Z,0,Baomint Protect + Shine Oil Blend,adwoa beauty,"VLOG: New Shampoo At Sephora, Marshalls, Grocery Shopping, &amp; Food!"
@trenice2693,Always luv the food stuff!!😋🥰👍🏾,2021-06-03T19:07:21Z,0,Baomint Protect + Shine Oil Blend,adwoa beauty,"VLOG: New Shampoo At Sephora, Marshalls, Grocery Shopping, &amp; Food!"
@MariaSantos-ph3oh,🥭🥰,2021-05-31T00:43:47Z,0,Baomint Protect + Shine Oil Blend,adwoa beauty,"VLOG: New Shampoo At Sephora, Marshalls, Grocery Shopping, &amp; Food!"
@brixtina,Slay Queen 👑 Lovely Video 🔥🔥🔥,2021-05-30T06:52:18Z,0,Baomint Protect + Shine Oil Blend,adwoa beauty,"VLOG: New Shampoo At Sephora, Marshalls, Grocery Shopping, &amp; Food!"
@karriep,🥭,2021-05-30T01:33:42Z,0,Baomint Protect + Shine Oil Blend,adwoa beauty,"VLOG: New Shampoo At Sephora, Marshalls, Grocery Shopping, &amp; Food!"
@kiriforever1,🥭. Not a fan of this type of random blog. Not enough content. I like the use of products and how it works on your hair.,2021-05-30T00:55:34Z,0,Baomint Protect + Shine Oil Blend,adwoa beauty,"VLOG: New Shampoo At Sephora, Marshalls, Grocery Shopping, &amp; Food!"
@sonialucas7132,🥭,2021-05-30T00:16:06Z,0,Baomint Protect + Shine Oil Blend,adwoa beauty,"VLOG: New Shampoo At Sephora, Marshalls, Grocery Shopping, &amp; Food!"
@penneysanchez3147,🥭👍😁,2021-05-29T19:51:26Z,0,Baomint Protect + Shine Oil Blend,adwoa beauty,"VLOG: New Shampoo At Sephora, Marshalls, Grocery Shopping, &amp; Food!"
@lorienickason8321,I like videos when we go shopping! I am in Canada and no Ulta so i love seeing what’s there!  🥭,2021-05-29T19:35:22Z,0,Baomint Protect + Shine Oil Blend,adwoa beauty,"VLOG: New Shampoo At Sephora, Marshalls, Grocery Shopping, &amp; Food!"
@adrianafoster6555,🥭😁,2021-05-29T19:22:51Z,0,Baomint Protect + Shine Oil Blend,adwoa beauty,"VLOG: New Shampoo At Sephora, Marshalls, Grocery Shopping, &amp; Food!"
@curlygirl5828,I luv vlogs like this!!🍓( didn't have a mango emoji)🤷...i also luv the hair tutorials.....Great vid!!😎,2021-05-29T19:00:09Z,0,Baomint Protect + Shine Oil Blend,adwoa beauty,"VLOG: New Shampoo At Sephora, Marshalls, Grocery Shopping, &amp; Food!"
@deidred304,I love it when you take us shopping!  I get a good view of what’s out on the shelves right now!  Thanks for sharing 😊,2021-05-29T17:35:52Z,2,Baomint Protect + Shine Oil Blend,adwoa beauty,"VLOG: New Shampoo At Sephora, Marshalls, Grocery Shopping, &amp; Food!"
@SummerSunset2207,🥭,2021-05-29T17:30:21Z,0,Baomint Protect + Shine Oil Blend,adwoa beauty,"VLOG: New Shampoo At Sephora, Marshalls, Grocery Shopping, &amp; Food!"
@finecurls2291,🥭,2021-05-29T17:07:31Z,0,Baomint Protect + Shine Oil Blend,adwoa beauty,"VLOG: New Shampoo At Sephora, Marshalls, Grocery Shopping, &amp; Food!"
@diana4043,"Yum, mango mousse!",2021-05-29T16:28:43Z,0,Baomint Protect + Shine Oil Blend,adwoa beauty,"VLOG: New Shampoo At Sephora, Marshalls, Grocery Shopping, &amp; Food!"
@1922mistyblue,🥭,2021-05-29T16:25:31Z,0,Baomint Protect + Shine Oil Blend,adwoa beauty,"VLOG: New Shampoo At Sephora, Marshalls, Grocery Shopping, &amp; Food!"
@melitorres561,Hi ...yes post recipes on instegram... I love learning cooking different things.,2021-05-29T15:36:08Z,0,Baomint Protect + Shine Oil Blend,adwoa beauty,"VLOG: New Shampoo At Sephora, Marshalls, Grocery Shopping, &amp; Food!"
@EliElizabethh,Thank you so much for watching! Leave some videos ideas down below :),2021-05-29T15:26:55Z,1,Baomint Moisturizing Curl Defining Cream,adwoa beauty,"VLOG: New Shampoo At Sephora, Marshalls, Grocery Shopping, &amp; Food!"
@Lululovespatches,Fun vlog!👍😀🥭,2021-07-22T21:46:48Z,0,Baomint Moisturizing Curl Defining Cream,adwoa beauty,"VLOG: New Shampoo At Sephora, Marshalls, Grocery Shopping, &amp; Food!"
@trenice2693,🥭🥭🥭🥭🥭,2021-06-03T19:10:17Z,0,Baomint Moisturizing Curl Defining Cream,adwoa beauty,"VLOG: New Shampoo At Sephora, Marshalls, Grocery Shopping, &amp; Food!"
@trenice2693,Always luv the food stuff!!😋🥰👍🏾,2021-06-03T19:07:21Z,0,Baomint Moisturizing Curl Defining Cream,adwoa beauty,"VLOG: New Shampoo At Sephora, Marshalls, Grocery Shopping, &amp; Food!"
@MariaSantos-ph3oh,🥭🥰,2021-05-31T00:43:47Z,0,Baomint Moisturizing Curl Defining Cream,adwoa beauty,"VLOG: New Shampoo At Sephora, Marshalls, Grocery Shopping, &amp; Food!"
@brixtina,Slay Queen 👑 Lovely Video 🔥🔥🔥,2021-05-30T06:52:18Z,0,Baomint Moisturizing Curl Defining Cream,adwoa beauty,"VLOG: New Shampoo At Sephora, Marshalls, Grocery Shopping, &amp; Food!"
@karriep,🥭,2021-05-30T01:33:42Z,0,Baomint Moisturizing Curl Defining Cream,adwoa beauty,"VLOG: New Shampoo At Sephora, Marshalls, Grocery Shopping, &amp; Food!"
@kiriforever1,🥭. Not a fan of this type of random blog. Not enough content. I like the use of products and how it works on your hair.,2021-05-30T00:55:34Z,0,Baomint Moisturizing Curl Defining Cream,adwoa beauty,"VLOG: New Shampoo At Sephora, Marshalls, Grocery Shopping, &amp; Food!"
@sonialucas7132,🥭,2021-05-30T00:16:06Z,0,Baomint Moisturizing Curl Defining Cream,adwoa beauty,"VLOG: New Shampoo At Sephora, Marshalls, Grocery Shopping, &amp; Food!"
@penneysanchez3147,🥭👍😁,2021-05-29T19:51:26Z,0,Baomint Moisturizing Curl Defining Cream,adwoa beauty,"VLOG: New Shampoo At Sephora, Marshalls, Grocery Shopping, &amp; Food!"
@lorienickason8321,I like videos when we go shopping! I am in Canada and no Ulta so i love seeing what’s there!  🥭,2021-05-29T19:35:22Z,0,Baomint Moisturizing Curl Defining Cream,adwoa beauty,"VLOG: New Shampoo At Sephora, Marshalls, Grocery Shopping, &amp; Food!"
@adrianafoster6555,🥭😁,2021-05-29T19:22:51Z,0,Baomint Moisturizing Curl Defining Cream,adwoa beauty,"VLOG: New Shampoo At Sephora, Marshalls, Grocery Shopping, &amp; Food!"
@curlygirl5828,I luv vlogs like this!!🍓( didn't have a mango emoji)🤷...i also luv the hair tutorials.....Great vid!!😎,2021-05-29T19:00:09Z,0,Baomint Moisturizing Curl Defining Cream,adwoa beauty,"VLOG: New Shampoo At Sephora, Marshalls, Grocery Shopping, &amp; Food!"
@deidred304,I love it when you take us shopping!  I get a good view of what’s out on the shelves right now!  Thanks for sharing 😊,2021-05-29T17:35:52Z,2,Baomint Moisturizing Curl Defining Cream,adwoa beauty,"VLOG: New Shampoo At Sephora, Marshalls, Grocery Shopping, &amp; Food!"
@SummerSunset2207,🥭,2021-05-29T17:30:21Z,0,Baomint Moisturizing Curl Defining Cream,adwoa beauty,"VLOG: New Shampoo At Sephora, Marshalls, Grocery Shopping, &amp; Food!"
@finecurls2291,🥭,2021-05-29T17:07:31Z,0,Baomint Moisturizing Curl Defining Cream,adwoa beauty,"VLOG: New Shampoo At Sephora, Marshalls, Grocery Shopping, &amp; Food!"
@diana4043,"Yum, mango mousse!",2021-05-29T16:28:43Z,0,Baomint Moisturizing Curl Defining Cream,adwoa beauty,"VLOG: New Shampoo At Sephora, Marshalls, Grocery Shopping, &amp; Food!"
@1922mistyblue,🥭,2021-05-29T16:25:31Z,0,Baomint Moisturizing Curl Defining Cream,adwoa beauty,"VLOG: New Shampoo At Sephora, Marshalls, Grocery Shopping, &amp; Food!"
@melitorres561,Hi ...yes post recipes on instegram... I love learning cooking different things.,2021-05-29T15:36:08Z,0,Baomint Moisturizing Curl Defining Cream,adwoa beauty,"VLOG: New Shampoo At Sephora, Marshalls, Grocery Shopping, &amp; Food!"
@EliElizabethh,Thank you so much for watching! Leave some videos ideas down below :),2021-05-29T15:26:55Z,1,Baomint Moisturizing Curl Defining Gel,adwoa beauty,"VLOG: New Shampoo At Sephora, Marshalls, Grocery Shopping, &amp; Food!"
@Lululovespatches,Fun vlog!👍😀🥭,2021-07-22T21:46:48Z,0,Baomint Moisturizing Curl Defining Gel,adwoa beauty,"VLOG: New Shampoo At Sephora, Marshalls, Grocery Shopping, &amp; Food!"
@trenice2693,🥭🥭🥭🥭🥭,2021-06-03T19:10:17Z,0,Baomint Moisturizing Curl Defining Gel,adwoa beauty,"VLOG: New Shampoo At Sephora, Marshalls, Grocery Shopping, &amp; Food!"
@trenice2693,Always luv the food stuff!!😋🥰👍🏾,2021-06-03T19:07:21Z,0,Baomint Moisturizing Curl Defining Gel,adwoa beauty,"VLOG: New Shampoo At Sephora, Marshalls, Grocery Shopping, &amp; Food!"
@MariaSantos-ph3oh,🥭🥰,2021-05-31T00:43:47Z,0,Baomint Moisturizing Curl Defining Gel,adwoa beauty,"VLOG: New Shampoo At Sephora, Marshalls, Grocery Shopping, &amp; Food!"
@brixtina,Slay Queen 👑 Lovely Video 🔥🔥🔥,2021-05-30T06:52:18Z,0,Baomint Moisturizing Curl Defining Gel,adwoa beauty,"VLOG: New Shampoo At Sephora, Marshalls, Grocery Shopping, &amp; Food!"
@karriep,🥭,2021-05-30T01:33:42Z,0,Baomint Moisturizing Curl Defining Gel,adwoa beauty,"VLOG: New Shampoo At Sephora, Marshalls, Grocery Shopping, &amp; Food!"
@kiriforever1,🥭. Not a fan of this type of random blog. Not enough content. I like the use of products and how it works on your hair.,2021-05-30T00:55:34Z,0,Baomint Moisturizing Curl Defining Gel,adwoa beauty,"VLOG: New Shampoo At Sephora, Marshalls, Grocery Shopping, &amp; Food!"
@sonialucas7132,🥭,2021-05-30T00:16:06Z,0,Baomint Moisturizing Curl Defining Gel,adwoa beauty,"VLOG: New Shampoo At Sephora, Marshalls, Grocery Shopping, &amp; Food!"
@penneysanchez3147,🥭👍😁,2021-05-29T19:51:26Z,0,Baomint Moisturizing Curl Defining Gel,adwoa beauty,"VLOG: New Shampoo At Sephora, Marshalls, Grocery Shopping, &amp; Food!"
@lorienickason8321,I like videos when we go shopping! I am in Canada and no Ulta so i love seeing what’s there!  🥭,2021-05-29T19:35:22Z,0,Baomint Moisturizing Curl Defining Gel,adwoa beauty,"VLOG: New Shampoo At Sephora, Marshalls, Grocery Shopping, &amp; Food!"
@adrianafoster6555,🥭😁,2021-05-29T19:22:51Z,0,Baomint Moisturizing Curl Defining Gel,adwoa beauty,"VLOG: New Shampoo At Sephora, Marshalls, Grocery Shopping, &amp; Food!"
@curlygirl5828,I luv vlogs like this!!🍓( didn't have a mango emoji)🤷...i also luv the hair tutorials.....Great vid!!😎,2021-05-29T19:00:09Z,0,Baomint Moisturizing Curl Defining Gel,adwoa beauty,"VLOG: New Shampoo At Sephora, Marshalls, Grocery Shopping, &amp; Food!"
@deidred304,I love it when you take us shopping!  I get a good view of what’s out on the shelves right now!  Thanks for sharing 😊,2021-05-29T17:35:52Z,2,Baomint Moisturizing Curl Defining Gel,adwoa beauty,"VLOG: New Shampoo At Sephora, Marshalls, Grocery Shopping, &amp; Food!"
@SummerSunset2207,🥭,2021-05-29T17:30:21Z,0,Baomint Moisturizing Curl Defining Gel,adwoa beauty,"VLOG: New Shampoo At Sephora, Marshalls, Grocery Shopping, &amp; Food!"
@finecurls2291,🥭,2021-05-29T17:07:31Z,0,Baomint Moisturizing Curl Defining Gel,adwoa beauty,"VLOG: New Shampoo At Sephora, Marshalls, Grocery Shopping, &amp; Food!"
@diana4043,"Yum, mango mousse!",2021-05-29T16:28:43Z,0,Baomint Moisturizing Curl Defining Gel,adwoa beauty,"VLOG: New Shampoo At Sephora, Marshalls, Grocery Shopping, &amp; Food!"
@1922mistyblue,🥭,2021-05-29T16:25:31Z,0,Baomint Moisturizing Curl Defining Gel,adwoa beauty,"VLOG: New Shampoo At Sephora, Marshalls, Grocery Shopping, &amp; Food!"
@melitorres561,Hi ...yes post recipes on instegram... I love learning cooking different things.,2021-05-29T15:36:08Z,0,Baomint Moisturizing Curl Defining Gel,adwoa beauty,"VLOG: New Shampoo At Sephora, Marshalls, Grocery Shopping, &amp; Food!"
@EliElizabethh,Thank you so much for watching! Leave some videos ideas down below :),2021-05-29T15:26:55Z,1,Mini Baomint Moisturizing Curl Defining Gel,adwoa beauty,"VLOG: New Shampoo At Sephora, Marshalls, Grocery Shopping, &amp; Food!"
@Lululovespatches,Fun vlog!👍😀🥭,2021-07-22T21:46:48Z,0,Mini Baomint Moisturizing Curl Defining Gel,adwoa beauty,"VLOG: New Shampoo At Sephora, Marshalls, Grocery Shopping, &amp; Food!"
@trenice2693,🥭🥭🥭🥭🥭,2021-06-03T19:10:17Z,0,Mini Baomint Moisturizing Curl Defining Gel,adwoa beauty,"VLOG: New Shampoo At Sephora, Marshalls, Grocery Shopping, &amp; Food!"
@trenice2693,Always luv the food stuff!!😋🥰👍🏾,2021-06-03T19:07:21Z,0,Mini Baomint Moisturizing Curl Defining Gel,adwoa beauty,"VLOG: New Shampoo At Sephora, Marshalls, Grocery Shopping, &amp; Food!"
@MariaSantos-ph3oh,🥭🥰,2021-05-31T00:43:47Z,0,Mini Baomint Moisturizing Curl Defining Gel,adwoa beauty,"VLOG: New Shampoo At Sephora, Marshalls, Grocery Shopping, &amp; Food!"
@brixtina,Slay Queen 👑 Lovely Video 🔥🔥🔥,2021-05-30T06:52:18Z,0,Mini Baomint Moisturizing Curl Defining Gel,adwoa beauty,"VLOG: New Shampoo At Sephora, Marshalls, Grocery Shopping, &amp; Food!"
@karriep,🥭,2021-05-30T01:33:42Z,0,Mini Baomint Moisturizing Curl Defining Gel,adwoa beauty,"VLOG: New Shampoo At Sephora, Marshalls, Grocery Shopping, &amp; Food!"
@kiriforever1,🥭. Not a fan of this type of random blog. Not enough content. I like the use of products and how it works on your hair.,2021-05-30T00:55:34Z,0,Mini Baomint Moisturizing Curl Defining Gel,adwoa beauty,"VLOG: New Shampoo At Sephora, Marshalls, Grocery Shopping, &amp; Food!"
@sonialucas7132,🥭,2021-05-30T00:16:06Z,0,Mini Baomint Moisturizing Curl Defining Gel,adwoa beauty,"VLOG: New Shampoo At Sephora, Marshalls, Grocery Shopping, &amp; Food!"
@penneysanchez3147,🥭👍😁,2021-05-29T19:51:26Z,0,Mini Baomint Moisturizing Curl Defining Gel,adwoa beauty,"VLOG: New Shampoo At Sephora, Marshalls, Grocery Shopping, &amp; Food!"
@lorienickason8321,I like videos when we go shopping! I am in Canada and no Ulta so i love seeing what’s there!  🥭,2021-05-29T19:35:22Z,0,Mini Baomint Moisturizing Curl Defining Gel,adwoa beauty,"VLOG: New Shampoo At Sephora, Marshalls, Grocery Shopping, &amp; Food!"
@adrianafoster6555,🥭😁,2021-05-29T19:22:51Z,0,Mini Baomint Moisturizing Curl Defining Gel,adwoa beauty,"VLOG: New Shampoo At Sephora, Marshalls, Grocery Shopping, &amp; Food!"
@curlygirl5828,I luv vlogs like this!!🍓( didn't have a mango emoji)🤷...i also luv the hair tutorials.....Great vid!!😎,2021-05-29T19:00:09Z,0,Mini Baomint Moisturizing Curl Defining Gel,adwoa beauty,"VLOG: New Shampoo At Sephora, Marshalls, Grocery Shopping, &amp; Food!"
@deidred304,I love it when you take us shopping!  I get a good view of what’s out on the shelves right now!  Thanks for sharing 😊,2021-05-29T17:35:52Z,2,Mini Baomint Moisturizing Curl Defining Gel,adwoa beauty,"VLOG: New Shampoo At Sephora, Marshalls, Grocery Shopping, &amp; Food!"
@SummerSunset2207,🥭,2021-05-29T17:30:21Z,0,Mini Baomint Moisturizing Curl Defining Gel,adwoa beauty,"VLOG: New Shampoo At Sephora, Marshalls, Grocery Shopping, &amp; Food!"
@finecurls2291,🥭,2021-05-29T17:07:31Z,0,Mini Baomint Moisturizing Curl Defining Gel,adwoa beauty,"VLOG: New Shampoo At Sephora, Marshalls, Grocery Shopping, &amp; Food!"
@diana4043,"Yum, mango mousse!",2021-05-29T16:28:43Z,0,Mini Baomint Moisturizing Curl Defining Gel,adwoa beauty,"VLOG: New Shampoo At Sephora, Marshalls, Grocery Shopping, &amp; Food!"
@1922mistyblue,🥭,2021-05-29T16:25:31Z,0,Mini Baomint Moisturizing Curl Defining Gel,adwoa beauty,"VLOG: New Shampoo At Sephora, Marshalls, Grocery Shopping, &amp; Food!"
@melitorres561,Hi ...yes post recipes on instegram... I love learning cooking different things.,2021-05-29T15:36:08Z,0,Mini Baomint Moisturizing Curl Defining Gel,adwoa beauty,"VLOG: New Shampoo At Sephora, Marshalls, Grocery Shopping, &amp; Food!"
@EliElizabethh,Thank you so much for watching! Leave some videos ideas down below :),2021-05-29T15:26:55Z,1,Mini Baomint Moisturizing Curl Defining Cream,adwoa beauty,"VLOG: New Shampoo At Sephora, Marshalls, Grocery Shopping, &amp; Food!"
@Lululovespatches,Fun vlog!👍😀🥭,2021-07-22T21:46:48Z,0,Mini Baomint Moisturizing Curl Defining Cream,adwoa beauty,"VLOG: New Shampoo At Sephora, Marshalls, Grocery Shopping, &amp; Food!"
@trenice2693,🥭🥭🥭🥭🥭,2021-06-03T19:10:17Z,0,Mini Baomint Moisturizing Curl Defining Cream,adwoa beauty,"VLOG: New Shampoo At Sephora, Marshalls, Grocery Shopping, &amp; Food!"
@trenice2693,Always luv the food stuff!!😋🥰👍🏾,2021-06-03T19:07:21Z,0,Mini Baomint Moisturizing Curl Defining Cream,adwoa beauty,"VLOG: New Shampoo At Sephora, Marshalls, Grocery Shopping, &amp; Food!"
@MariaSantos-ph3oh,🥭🥰,2021-05-31T00:43:47Z,0,Mini Baomint Moisturizing Curl Defining Cream,adwoa beauty,"VLOG: New Shampoo At Sephora, Marshalls, Grocery Shopping, &amp; Food!"
@brixtina,Slay Queen 👑 Lovely Video 🔥🔥🔥,2021-05-30T06:52:18Z,0,Mini Baomint Moisturizing Curl Defining Cream,adwoa beauty,"VLOG: New Shampoo At Sephora, Marshalls, Grocery Shopping, &amp; Food!"
@karriep,🥭,2021-05-30T01:33:42Z,0,Mini Baomint Moisturizing Curl Defining Cream,adwoa beauty,"VLOG: New Shampoo At Sephora, Marshalls, Grocery Shopping, &amp; Food!"
@kiriforever1,🥭. Not a fan of this type of random blog. Not enough content. I like the use of products and how it works on your hair.,2021-05-30T00:55:34Z,0,Mini Baomint Moisturizing Curl Defining Cream,adwoa beauty,"VLOG: New Shampoo At Sephora, Marshalls, Grocery Shopping, &amp; Food!"
@sonialucas7132,🥭,2021-05-30T00:16:06Z,0,Mini Baomint Moisturizing Curl Defining Cream,adwoa beauty,"VLOG: New Shampoo At Sephora, Marshalls, Grocery Shopping, &amp; Food!"
@penneysanchez3147,🥭👍😁,2021-05-29T19:51:26Z,0,Mini Baomint Moisturizing Curl Defining Cream,adwoa beauty,"VLOG: New Shampoo At Sephora, Marshalls, Grocery Shopping, &amp; Food!"
@lorienickason8321,I like videos when we go shopping! I am in Canada and no Ulta so i love seeing what’s there!  🥭,2021-05-29T19:35:22Z,0,Mini Baomint Moisturizing Curl Defining Cream,adwoa beauty,"VLOG: New Shampoo At Sephora, Marshalls, Grocery Shopping, &amp; Food!"
@adrianafoster6555,🥭😁,2021-05-29T19:22:51Z,0,Mini Baomint Moisturizing Curl Defining Cream,adwoa beauty,"VLOG: New Shampoo At Sephora, Marshalls, Grocery Shopping, &amp; Food!"
@curlygirl5828,I luv vlogs like this!!🍓( didn't have a mango emoji)🤷...i also luv the hair tutorials.....Great vid!!😎,2021-05-29T19:00:09Z,0,Mini Baomint Moisturizing Curl Defining Cream,adwoa beauty,"VLOG: New Shampoo At Sephora, Marshalls, Grocery Shopping, &amp; Food!"
@deidred304,I love it when you take us shopping!  I get a good view of what’s out on the shelves right now!  Thanks for sharing 😊,2021-05-29T17:35:52Z,2,Mini Baomint Moisturizing Curl Defining Cream,adwoa beauty,"VLOG: New Shampoo At Sephora, Marshalls, Grocery Shopping, &amp; Food!"
@SummerSunset2207,🥭,2021-05-29T17:30:21Z,0,Mini Baomint Moisturizing Curl Defining Cream,adwoa beauty,"VLOG: New Shampoo At Sephora, Marshalls, Grocery Shopping, &amp; Food!"
@finecurls2291,🥭,2021-05-29T17:07:31Z,0,Mini Baomint Moisturizing Curl Defining Cream,adwoa beauty,"VLOG: New Shampoo At Sephora, Marshalls, Grocery Shopping, &amp; Food!"
@diana4043,"Yum, mango mousse!",2021-05-29T16:28:43Z,0,Mini Baomint Moisturizing Curl Defining Cream,adwoa beauty,"VLOG: New Shampoo At Sephora, Marshalls, Grocery Shopping, &amp; Food!"
@1922mistyblue,🥭,2021-05-29T16:25:31Z,0,Mini Baomint Moisturizing Curl Defining Cream,adwoa beauty,"VLOG: New Shampoo At Sephora, Marshalls, Grocery Shopping, &amp; Food!"
@melitorres561,Hi ...yes post recipes on instegram... I love learning cooking different things.,2021-05-29T15:36:08Z,0,Mini Baomint Moisturizing Curl Defining Cream,adwoa beauty,"VLOG: New Shampoo At Sephora, Marshalls, Grocery Shopping, &amp; Food!"
@EliElizabethh,Thank you so much for watching! Leave some videos ideas down below :),2021-05-29T15:26:55Z,1,Mini Baomint Moisturizing Shampoo,adwoa beauty,"VLOG: New Shampoo At Sephora, Marshalls, Grocery Shopping, &amp; Food!"
@Lululovespatches,Fun vlog!👍😀🥭,2021-07-22T21:46:48Z,0,Mini Baomint Moisturizing Shampoo,adwoa beauty,"VLOG: New Shampoo At Sephora, Marshalls, Grocery Shopping, &amp; Food!"
@trenice2693,🥭🥭🥭🥭🥭,2021-06-03T19:10:17Z,0,Mini Baomint Moisturizing Shampoo,adwoa beauty,"VLOG: New Shampoo At Sephora, Marshalls, Grocery Shopping, &amp; Food!"
@trenice2693,Always luv the food stuff!!😋🥰👍🏾,2021-06-03T19:07:21Z,0,Mini Baomint Moisturizing Shampoo,adwoa beauty,"VLOG: New Shampoo At Sephora, Marshalls, Grocery Shopping, &amp; Food!"
@MariaSantos-ph3oh,🥭🥰,2021-05-31T00:43:47Z,0,Mini Baomint Moisturizing Shampoo,adwoa beauty,"VLOG: New Shampoo At Sephora, Marshalls, Grocery Shopping, &amp; Food!"
@brixtina,Slay Queen 👑 Lovely Video 🔥🔥🔥,2021-05-30T06:52:18Z,0,Mini Baomint Moisturizing Shampoo,adwoa beauty,"VLOG: New Shampoo At Sephora, Marshalls, Grocery Shopping, &amp; Food!"
@karriep,🥭,2021-05-30T01:33:42Z,0,Mini Baomint Moisturizing Shampoo,adwoa beauty,"VLOG: New Shampoo At Sephora, Marshalls, Grocery Shopping, &amp; Food!"
@kiriforever1,🥭. Not a fan of this type of random blog. Not enough content. I like the use of products and how it works on your hair.,2021-05-30T00:55:34Z,0,Mini Baomint Moisturizing Shampoo,adwoa beauty,"VLOG: New Shampoo At Sephora, Marshalls, Grocery Shopping, &amp; Food!"
@sonialucas7132,🥭,2021-05-30T00:16:06Z,0,Mini Baomint Moisturizing Shampoo,adwoa beauty,"VLOG: New Shampoo At Sephora, Marshalls, Grocery Shopping, &amp; Food!"
@penneysanchez3147,🥭👍😁,2021-05-29T19:51:26Z,0,Mini Baomint Moisturizing Shampoo,adwoa beauty,"VLOG: New Shampoo At Sephora, Marshalls, Grocery Shopping, &amp; Food!"
@lorienickason8321,I like videos when we go shopping! I am in Canada and no Ulta so i love seeing what’s there!  🥭,2021-05-29T19:35:22Z,0,Mini Baomint Moisturizing Shampoo,adwoa beauty,"VLOG: New Shampoo At Sephora, Marshalls, Grocery Shopping, &amp; Food!"
@adrianafoster6555,🥭😁,2021-05-29T19:22:51Z,0,Mini Baomint Moisturizing Shampoo,adwoa beauty,"VLOG: New Shampoo At Sephora, Marshalls, Grocery Shopping, &amp; Food!"
@curlygirl5828,I luv vlogs like this!!🍓( didn't have a mango emoji)🤷...i also luv the hair tutorials.....Great vid!!😎,2021-05-29T19:00:09Z,0,Mini Baomint Moisturizing Shampoo,adwoa beauty,"VLOG: New Shampoo At Sephora, Marshalls, Grocery Shopping, &amp; Food!"
@deidred304,I love it when you take us shopping!  I get a good view of what’s out on the shelves right now!  Thanks for sharing 😊,2021-05-29T17:35:52Z,2,Mini Baomint Moisturizing Shampoo,adwoa beauty,"VLOG: New Shampoo At Sephora, Marshalls, Grocery Shopping, &amp; Food!"
@SummerSunset2207,🥭,2021-05-29T17:30:21Z,0,Mini Baomint Moisturizing Shampoo,adwoa beauty,"VLOG: New Shampoo At Sephora, Marshalls, Grocery Shopping, &amp; Food!"
@finecurls2291,🥭,2021-05-29T17:07:31Z,0,Mini Baomint Moisturizing Shampoo,adwoa beauty,"VLOG: New Shampoo At Sephora, Marshalls, Grocery Shopping, &amp; Food!"
@diana4043,"Yum, mango mousse!",2021-05-29T16:28:43Z,0,Mini Baomint Moisturizing Shampoo,adwoa beauty,"VLOG: New Shampoo At Sephora, Marshalls, Grocery Shopping, &amp; Food!"
@1922mistyblue,🥭,2021-05-29T16:25:31Z,0,Mini Baomint Moisturizing Shampoo,adwoa beauty,"VLOG: New Shampoo At Sephora, Marshalls, Grocery Shopping, &amp; Food!"
@melitorres561,Hi ...yes post recipes on instegram... I love learning cooking different things.,2021-05-29T15:36:08Z,0,Mini Baomint Moisturizing Shampoo,adwoa beauty,"VLOG: New Shampoo At Sephora, Marshalls, Grocery Shopping, &amp; Food!"
@EliElizabethh,Thank you so much for watching! Leave some videos ideas down below :),2021-05-29T15:26:55Z,1,Mini Baomint Protect + Shine Oil Blend,adwoa beauty,"VLOG: New Shampoo At Sephora, Marshalls, Grocery Shopping, &amp; Food!"
@Lululovespatches,Fun vlog!👍😀🥭,2021-07-22T21:46:48Z,0,Mini Baomint Protect + Shine Oil Blend,adwoa beauty,"VLOG: New Shampoo At Sephora, Marshalls, Grocery Shopping, &amp; Food!"
@trenice2693,🥭🥭🥭🥭🥭,2021-06-03T19:10:17Z,0,Mini Baomint Protect + Shine Oil Blend,adwoa beauty,"VLOG: New Shampoo At Sephora, Marshalls, Grocery Shopping, &amp; Food!"
@trenice2693,Always luv the food stuff!!😋🥰👍🏾,2021-06-03T19:07:21Z,0,Mini Baomint Protect + Shine Oil Blend,adwoa beauty,"VLOG: New Shampoo At Sephora, Marshalls, Grocery Shopping, &amp; Food!"
@MariaSantos-ph3oh,🥭🥰,2021-05-31T00:43:47Z,0,Mini Baomint Protect + Shine Oil Blend,adwoa beauty,"VLOG: New Shampoo At Sephora, Marshalls, Grocery Shopping, &amp; Food!"
@brixtina,Slay Queen 👑 Lovely Video 🔥🔥🔥,2021-05-30T06:52:18Z,0,Mini Baomint Protect + Shine Oil Blend,adwoa beauty,"VLOG: New Shampoo At Sephora, Marshalls, Grocery Shopping, &amp; Food!"
@karriep,🥭,2021-05-30T01:33:42Z,0,Mini Baomint Protect + Shine Oil Blend,adwoa beauty,"VLOG: New Shampoo At Sephora, Marshalls, Grocery Shopping, &amp; Food!"
@kiriforever1,🥭. Not a fan of this type of random blog. Not enough content. I like the use of products and how it works on your hair.,2021-05-30T00:55:34Z,0,Mini Baomint Protect + Shine Oil Blend,adwoa beauty,"VLOG: New Shampoo At Sephora, Marshalls, Grocery Shopping, &amp; Food!"
@sonialucas7132,🥭,2021-05-30T00:16:06Z,0,Mini Baomint Protect + Shine Oil Blend,adwoa beauty,"VLOG: New Shampoo At Sephora, Marshalls, Grocery Shopping, &amp; Food!"
@penneysanchez3147,🥭👍😁,2021-05-29T19:51:26Z,0,Mini Baomint Protect + Shine Oil Blend,adwoa beauty,"VLOG: New Shampoo At Sephora, Marshalls, Grocery Shopping, &amp; Food!"
@lorienickason8321,I like videos when we go shopping! I am in Canada and no Ulta so i love seeing what’s there!  🥭,2021-05-29T19:35:22Z,0,Mini Baomint Protect + Shine Oil Blend,adwoa beauty,"VLOG: New Shampoo At Sephora, Marshalls, Grocery Shopping, &amp; Food!"
@adrianafoster6555,🥭😁,2021-05-29T19:22:51Z,0,Mini Baomint Protect + Shine Oil Blend,adwoa beauty,"VLOG: New Shampoo At Sephora, Marshalls, Grocery Shopping, &amp; Food!"
@curlygirl5828,I luv vlogs like this!!🍓( didn't have a mango emoji)🤷...i also luv the hair tutorials.....Great vid!!😎,2021-05-29T19:00:09Z,0,Mini Baomint Protect + Shine Oil Blend,adwoa beauty,"VLOG: New Shampoo At Sephora, Marshalls, Grocery Shopping, &amp; Food!"
@deidred304,I love it when you take us shopping!  I get a good view of what’s out on the shelves right now!  Thanks for sharing 😊,2021-05-29T17:35:52Z,2,Mini Baomint Protect + Shine Oil Blend,adwoa beauty,"VLOG: New Shampoo At Sephora, Marshalls, Grocery Shopping, &amp; Food!"
@SummerSunset2207,🥭,2021-05-29T17:30:21Z,0,Mini Baomint Protect + Shine Oil Blend,adwoa beauty,"VLOG: New Shampoo At Sephora, Marshalls, Grocery Shopping, &amp; Food!"
@finecurls2291,🥭,2021-05-29T17:07:31Z,0,Mini Baomint Protect + Shine Oil Blend,adwoa beauty,"VLOG: New Shampoo At Sephora, Marshalls, Grocery Shopping, &amp; Food!"
@diana4043,"Yum, mango mousse!",2021-05-29T16:28:43Z,0,Mini Baomint Protect + Shine Oil Blend,adwoa beauty,"VLOG: New Shampoo At Sephora, Marshalls, Grocery Shopping, &amp; Food!"
@1922mistyblue,🥭,2021-05-29T16:25:31Z,0,Mini Baomint Protect + Shine Oil Blend,adwoa beauty,"VLOG: New Shampoo At Sephora, Marshalls, Grocery Shopping, &amp; Food!"
@melitorres561,Hi ...yes post recipes on instegram... I love learning cooking different things.,2021-05-29T15:36:08Z,0,Mini Baomint Protect + Shine Oil Blend,adwoa beauty,"VLOG: New Shampoo At Sephora, Marshalls, Grocery Shopping, &amp; Food!"
@sweetshay6172,Lovin the hat and Yes to Vlogmas!,2018-11-21T01:56:20Z,1,Rose Lip Conditioner,aerin,"Fall Beauty Haul: Sephora, Nordstrom &amp; Macy&#39;s"
@whoistaylornave,"Don't stop working! Love your content, everything is quality! #Starpower",2018-11-19T17:58:39Z,2,Rose Lip Conditioner,aerin,"Fall Beauty Haul: Sephora, Nordstrom &amp; Macy&#39;s"
@twotwiggy,forgot the musk one,2025-07-03T15:00:20Z,0,Amber Musk Eau de Parfum Travel Spray,aerin,Bath &amp; Body Works Every Luxuries Collection (pt 1) #affordablefragrances #perfumedupes
@user-zk8ed4kd2b,I dislike the Covered in Roses that I bought three weeks ago.,2025-06-25T20:01:19Z,0,Amber Musk Eau de Parfum Travel Spray,aerin,Bath &amp; Body Works Every Luxuries Collection (pt 1) #affordablefragrances #perfumedupes
@idalia1709,sign language 🤔,2025-06-25T00:55:16Z,0,Amber Musk Eau de Parfum Travel Spray,aerin,Bath &amp; Body Works Every Luxuries Collection (pt 1) #affordablefragrances #perfumedupes
@MarisaDLT,Were to buy,2025-06-22T10:07:07Z,0,Amber Musk Eau de Parfum Travel Spray,aerin,Bath &amp; Body Works Every Luxuries Collection (pt 1) #affordablefragrances #perfumedupes
@Reda-sl8hx,What ?,2025-06-19T19:28:52Z,0,Amber Musk Eau de Parfum Travel Spray,aerin,Bath &amp; Body Works Every Luxuries Collection (pt 1) #affordablefragrances #perfumedupes
@twirlywirly,The delina dupe does not smell like delina imo,2025-06-18T15:51:12Z,0,Amber Musk Eau de Parfum Travel Spray,aerin,Bath &amp; Body Works Every Luxuries Collection (pt 1) #affordablefragrances #perfumedupes
@forchun88arrereh50,I have to save and share your video thank you❤,2025-06-18T02:56:13Z,0,Amber Musk Eau de Parfum Travel Spray,aerin,Bath &amp; Body Works Every Luxuries Collection (pt 1) #affordablefragrances #perfumedupes
@juliaostlund9360,Sighhhh I want if you musk to come back,2025-06-14T19:12:40Z,0,Amber Musk Eau de Parfum Travel Spray,aerin,Bath &amp; Body Works Every Luxuries Collection (pt 1) #affordablefragrances #perfumedupes
@Mnglkali,pls someone tell me what vanilla romance is duped after,2025-05-28T15:32:13Z,0,Amber Musk Eau de Parfum Travel Spray,aerin,Bath &amp; Body Works Every Luxuries Collection (pt 1) #affordablefragrances #perfumedupes
@shelbylou02,Pink Obsessed is fire 🔥,2025-05-25T10:34:00Z,0,Amber Musk Eau de Parfum Travel Spray,aerin,Bath &amp; Body Works Every Luxuries Collection (pt 1) #affordablefragrances #perfumedupes
@lunachapina65,Thank you so much for ALL you're content!! ❤🎉🙏,2025-05-23T13:22:17Z,0,Amber Musk Eau de Parfum Travel Spray,aerin,Bath &amp; Body Works Every Luxuries Collection (pt 1) #affordablefragrances #perfumedupes
@samlopez6176,Was able to watch this review while drying my hair. The unspoken body language spoke volumes and understood! Great job. Thank you❤,2025-05-20T01:02:38Z,5,Amber Musk Eau de Parfum Travel Spray,aerin,Bath &amp; Body Works Every Luxuries Collection (pt 1) #affordablefragrances #perfumedupes
@emm0.02,"I didn't like In the stars scent. I didn't like rhe sweety fruity note. I want more of kind of floral scent, so should I buy Petal parade or covered in roses? Please help",2025-05-16T08:51:45Z,0,Amber Musk Eau de Parfum Travel Spray,aerin,Bath &amp; Body Works Every Luxuries Collection (pt 1) #affordablefragrances #perfumedupes
@Emmthegymnast,Imperfect Beauty is one of my favorite scents ever,2025-05-11T05:36:29Z,0,Amber Musk Eau de Parfum Travel Spray,aerin,Bath &amp; Body Works Every Luxuries Collection (pt 1) #affordablefragrances #perfumedupes
@הדסקשיוב,Iam not see the name,2025-05-09T06:21:11Z,0,Amber Musk Eau de Parfum Travel Spray,aerin,Bath &amp; Body Works Every Luxuries Collection (pt 1) #affordablefragrances #perfumedupes
@הדסקשיוב,What his your name all perfum,2025-05-09T06:20:12Z,0,Amber Musk Eau de Parfum Travel Spray,aerin,Bath &amp; Body Works Every Luxuries Collection (pt 1) #affordablefragrances #perfumedupes
@jekku4688,"ok i was SO INCREDIBLY DISAPPOINTED when I went to B&BW last week. I could not smell ANY of their fragrances, and all of them were body sprays NOT PERFUMES. Never going there again, I was like ""this is IT???"" Ugh. Sad.",2025-05-05T03:45:51Z,0,Amber Musk Eau de Parfum Travel Spray,aerin,Bath &amp; Body Works Every Luxuries Collection (pt 1) #affordablefragrances #perfumedupes
@sidlusk6713,gucci flora dupe is dressed in white.. legit IDENTICAL,2025-05-03T19:48:17Z,0,Amber Musk Eau de Parfum Travel Spray,aerin,Bath &amp; Body Works Every Luxuries Collection (pt 1) #affordablefragrances #perfumedupes
@Vermouth88,What does Prada expression mean??,2025-04-30T18:26:15Z,0,Amber Musk Eau de Parfum Travel Spray,aerin,Bath &amp; Body Works Every Luxuries Collection (pt 1) #affordablefragrances #perfumedupes
@HelloItsMeAshley,Great job! 👍,2025-04-27T08:03:53Z,0,Amber Musk Eau de Parfum Travel Spray,aerin,Bath &amp; Body Works Every Luxuries Collection (pt 1) #affordablefragrances #perfumedupes
@shanaeewhite100,This was absolutely the cutest helpful review I’ve ever seen 😊,2025-04-26T10:06:58Z,3,Amber Musk Eau de Parfum Travel Spray,aerin,Bath &amp; Body Works Every Luxuries Collection (pt 1) #affordablefragrances #perfumedupes
@adryana190,Qual seria o dupla do perfume viva la juicy gold couture?,2025-04-20T20:58:49Z,0,Amber Musk Eau de Parfum Travel Spray,aerin,Bath &amp; Body Works Every Luxuries Collection (pt 1) #affordablefragrances #perfumedupes
@Mushroom_dust,Thanks for not using annoying audio ❤❤❤❤,2025-04-16T00:27:07Z,0,Amber Musk Eau de Parfum Travel Spray,aerin,Bath &amp; Body Works Every Luxuries Collection (pt 1) #affordablefragrances #perfumedupes
@ShaheenRiazWorld,Shaheenriazworld,2025-04-11T04:09:06Z,0,Amber Musk Eau de Parfum Travel Spray,aerin,Bath &amp; Body Works Every Luxuries Collection (pt 1) #affordablefragrances #perfumedupes
@BrendaMakeuplover,Wait they’ll smell the same,2025-04-06T19:47:15Z,1,Amber Musk Eau de Parfum Travel Spray,aerin,Bath &amp; Body Works Every Luxuries Collection (pt 1) #affordablefragrances #perfumedupes
@corey-pumpkin,"I got a question for you not related to this post. I bought a sample bottle of the ysl intense which im in love with. Thank you great suggestion! So i bought a full size bottle from walmart, but im so disappointed that it doesnt smell the same. Do atomizer do something to the smell or did i just fooled",2025-04-04T21:57:25Z,1,Amber Musk Eau de Parfum Travel Spray,aerin,Bath &amp; Body Works Every Luxuries Collection (pt 1) #affordablefragrances #perfumedupes
@jem6167,Good thing I just ordered now hahahha,2025-04-04T15:08:42Z,0,Amber Musk Eau de Parfum Travel Spray,aerin,Bath &amp; Body Works Every Luxuries Collection (pt 1) #affordablefragrances #perfumedupes
@TheOneAndOnly91,Im going to get these b3g3❤❤,2025-04-01T03:20:40Z,0,Amber Musk Eau de Parfum Travel Spray,aerin,Bath &amp; Body Works Every Luxuries Collection (pt 1) #affordablefragrances #perfumedupes
@iloveewee,You are awesome! I got the message loud and clear!!,2025-03-31T16:35:57Z,2,Amber Musk Eau de Parfum Travel Spray,aerin,Bath &amp; Body Works Every Luxuries Collection (pt 1) #affordablefragrances #perfumedupes
@Commentraider3,For anyone wondering the first one doesn’t smell much like born in Roma …at all. It smells kind of similar to Prada Pradox.,2025-03-31T03:14:04Z,1,Amber Musk Eau de Parfum Travel Spray,aerin,Bath &amp; Body Works Every Luxuries Collection (pt 1) #affordablefragrances #perfumedupes
@babycakes8434,"I don't usually like roses in my perfume, but I own Covered in Roses.",2025-03-30T16:53:58Z,0,Amber Musk Eau de Parfum Travel Spray,aerin,Bath &amp; Body Works Every Luxuries Collection (pt 1) #affordablefragrances #perfumedupes
@paraschivadina313,How long does it last?,2025-03-26T14:23:01Z,0,Amber Musk Eau de Parfum Travel Spray,aerin,Bath &amp; Body Works Every Luxuries Collection (pt 1) #affordablefragrances #perfumedupes
@Nina513,"This was so dope, love it! lol",2025-03-14T16:05:13Z,0,Amber Musk Eau de Parfum Travel Spray,aerin,Bath &amp; Body Works Every Luxuries Collection (pt 1) #affordablefragrances #perfumedupes
@monicagonzales7137,I thought Viva Vanilla was a dupe for Kayali Vanilla 28.,2025-03-14T00:54:21Z,0,Amber Musk Eau de Parfum Travel Spray,aerin,Bath &amp; Body Works Every Luxuries Collection (pt 1) #affordablefragrances #perfumedupes
@ohsfer11820,I went to bath and body to purchase.. I don't know.  After being there so long and still confused I went to VS and purchase a lotion..,2025-03-03T11:46:02Z,0,Amber Musk Eau de Parfum Travel Spray,aerin,Bath &amp; Body Works Every Luxuries Collection (pt 1) #affordablefragrances #perfumedupes
@Bodybyhelen,"I COMPLETELY agree with her review! I try not to ad onto my 15+ BBW body spray collection, but I had to get Covered in Roses! I was complimented too many times hours after spraying on their tester lol. Also, it really does smell just like Delina!",2025-03-02T14:19:49Z,3,Amber Musk Eau de Parfum Travel Spray,aerin,Bath &amp; Body Works Every Luxuries Collection (pt 1) #affordablefragrances #perfumedupes
@ShireenHameed,The way I understood every reaction😮,2025-03-02T06:18:09Z,0,Amber Musk Eau de Parfum Travel Spray,aerin,Bath &amp; Body Works Every Luxuries Collection (pt 1) #affordablefragrances #perfumedupes
@marciatavares211,Será que vende no Brasil?,2025-02-27T09:19:26Z,0,Amber Musk Eau de Parfum Travel Spray,aerin,Bath &amp; Body Works Every Luxuries Collection (pt 1) #affordablefragrances #perfumedupes
@crustycarrots,I love how her facial expressions literally say so much more than if she were to speak,2025-02-21T11:33:18Z,0,Amber Musk Eau de Parfum Travel Spray,aerin,Bath &amp; Body Works Every Luxuries Collection (pt 1) #affordablefragrances #perfumedupes
@anamatos8332,Yes 🙌and I put them at the same time,2025-02-18T22:21:59Z,0,Amber Musk Eau de Parfum Travel Spray,aerin,Bath &amp; Body Works Every Luxuries Collection (pt 1) #affordablefragrances #perfumedupes
@meow22229,"Language: 0
understand: 100",2025-02-18T11:34:57Z,0,Amber Musk Eau de Parfum Travel Spray,aerin,Bath &amp; Body Works Every Luxuries Collection (pt 1) #affordablefragrances #perfumedupes
@Hebiscus998,I like,2025-02-17T17:36:56Z,0,Amber Musk Eau de Parfum Travel Spray,aerin,Bath &amp; Body Works Every Luxuries Collection (pt 1) #affordablefragrances #perfumedupes
@margaretmairi7927,I don't understand sign language. Please explain the mists compared to the perfumes and what perfumes are those?,2025-02-17T07:50:53Z,0,Amber Musk Eau de Parfum Travel Spray,aerin,Bath &amp; Body Works Every Luxuries Collection (pt 1) #affordablefragrances #perfumedupes
@bella.marie123,I LOVE VIVA VANILLA,2025-02-17T00:08:49Z,0,Amber Musk Eau de Parfum Travel Spray,aerin,Bath &amp; Body Works Every Luxuries Collection (pt 1) #affordablefragrances #perfumedupes
@amandazylstra6285,Please talk. I don't understand 😂,2025-02-16T03:29:22Z,0,Amber Musk Eau de Parfum Travel Spray,aerin,Bath &amp; Body Works Every Luxuries Collection (pt 1) #affordablefragrances #perfumedupes
@arianayanez7441,"im not exaggerating when i tell people “pink obsessed” is AMAZING. ive been trying to find dupes for it since its scent includes jasmine, praline, and vanilla. The amounts of compliments ive had on it is insane. id do anything to grab atleast 5 more bottles of that stuff.",2025-02-14T07:40:05Z,52,Amber Musk Eau de Parfum Travel Spray,aerin,Bath &amp; Body Works Every Luxuries Collection (pt 1) #affordablefragrances #perfumedupes
@rachealgayles5985,I really love the creative way you made this video. Thank you!,2025-02-14T01:11:04Z,3,Amber Musk Eau de Parfum Travel Spray,aerin,Bath &amp; Body Works Every Luxuries Collection (pt 1) #affordablefragrances #perfumedupes
@VenusSereneint,Genius.,2025-02-13T19:55:23Z,0,Amber Musk Eau de Parfum Travel Spray,aerin,Bath &amp; Body Works Every Luxuries Collection (pt 1) #affordablefragrances #perfumedupes
@asawaniadordionisio1038,Ansabe ni atchengbeni??,2025-02-13T03:45:36Z,0,Amber Musk Eau de Parfum Travel Spray,aerin,Bath &amp; Body Works Every Luxuries Collection (pt 1) #affordablefragrances #perfumedupes
@londaloniyoni,"I have viva vanilla, but I heard that it smells more like Kay Ali vanilla 28",2025-02-12T04:30:24Z,0,Amber Musk Eau de Parfum Travel Spray,aerin,Bath &amp; Body Works Every Luxuries Collection (pt 1) #affordablefragrances #perfumedupes
@luball416,love this video you are so beautiful and cute,2025-02-07T18:18:18Z,0,Amber Musk Eau de Parfum Travel Spray,aerin,Bath &amp; Body Works Every Luxuries Collection (pt 1) #affordablefragrances #perfumedupes
@didralamond8145,"thanks for doing this video! While I think it had the opposite effect on me than it was intended it is still a good way for people to get dupes!

I tried two of B&BWs dupe line and they didn't work for my nose and I think I will just use them as layering scents under fragrance I actually like to wear. lol",2025-02-05T23:11:29Z,0,Amber Musk Eau de Parfum Travel Spray,aerin,Bath &amp; Body Works Every Luxuries Collection (pt 1) #affordablefragrances #perfumedupes
@sixteen.candles.4644,When she did covered in roses and put her hands up.. i felt it!!! I feel the exact same. 🎉🎉🎉🎉,2025-02-05T03:25:09Z,95,Amber Musk Eau de Parfum Travel Spray,aerin,Bath &amp; Body Works Every Luxuries Collection (pt 1) #affordablefragrances #perfumedupes
@carrie9267,What? I can not see the names really bad on the bb bottles. Everything is backwards.....I even trued pausing.the video when she's holding them up & I can't read the scent names..,2025-02-02T03:50:43Z,0,Amber Musk Eau de Parfum Travel Spray,aerin,Bath &amp; Body Works Every Luxuries Collection (pt 1) #affordablefragrances #perfumedupes
@piixie_edits,My most vivid memory that just lived in my head of delina is every time my mom sprays it on me😭 I’m extremely sensitive to strong smells since they give me headaches so I have to use the most soft strong perfumes,2025-01-28T11:16:31Z,0,Amber Musk Eau de Parfum Travel Spray,aerin,Bath &amp; Body Works Every Luxuries Collection (pt 1) #affordablefragrances #perfumedupes
@arianejoygalang,I hope you do more b&b dupes!,2025-01-28T09:54:29Z,1,Amber Musk Eau de Parfum Travel Spray,aerin,Bath &amp; Body Works Every Luxuries Collection (pt 1) #affordablefragrances #perfumedupes
@nancybenavides4169,❤❤❤,2025-01-23T12:26:26Z,0,Amber Musk Eau de Parfum Travel Spray,aerin,Bath &amp; Body Works Every Luxuries Collection (pt 1) #affordablefragrances #perfumedupes
@ТатьянаМорозова-ф2ю,Valentino(Donna)Love forever!,2025-01-22T12:06:46Z,0,Amber Musk Eau de Parfum Travel Spray,aerin,Bath &amp; Body Works Every Luxuries Collection (pt 1) #affordablefragrances #perfumedupes
@yvonnekilla3971,Got it,2025-01-21T01:16:04Z,0,Amber Musk Eau de Parfum Travel Spray,aerin,Bath &amp; Body Works Every Luxuries Collection (pt 1) #affordablefragrances #perfumedupes
@jambi.e,if u musk smells better than glossier on me… glossier smelled like sharpie fumes on my skin.,2025-01-20T23:40:02Z,0,Amber Musk Eau de Parfum Travel Spray,aerin,Bath &amp; Body Works Every Luxuries Collection (pt 1) #affordablefragrances #perfumedupes
@elallen4399,"U are doing the Lord's work 💪🏾❤❤❤❤I love bath and body works 
Can u do a men's version??",2025-01-20T15:50:42Z,3,Amber Musk Eau de Parfum Travel Spray,aerin,Bath &amp; Body Works Every Luxuries Collection (pt 1) #affordablefragrances #perfumedupes
@laurenx5851,They last too. I still smell the splash on my coat. It past better than my perfume,2025-01-19T14:29:48Z,0,Amber Musk Eau de Parfum Travel Spray,aerin,Bath &amp; Body Works Every Luxuries Collection (pt 1) #affordablefragrances #perfumedupes
@chucalissa9231,"You are funny 😅 ,thanks for sharing",2025-01-19T13:17:53Z,0,Amber Musk Eau de Parfum Travel Spray,aerin,Bath &amp; Body Works Every Luxuries Collection (pt 1) #affordablefragrances #perfumedupes
@audreywilliams3383,Best review I have seen yet on these products and no talking❤❤❤❤❤❤❤,2025-01-19T01:52:00Z,2,Amber Musk Eau de Parfum Travel Spray,aerin,Bath &amp; Body Works Every Luxuries Collection (pt 1) #affordablefragrances #perfumedupes
@Thefitalchemist,So is petal parade good or no?,2025-01-18T23:36:59Z,4,Amber Musk Eau de Parfum Travel Spray,aerin,Bath &amp; Body Works Every Luxuries Collection (pt 1) #affordablefragrances #perfumedupes
@MsKae-tf8rw,This was so funny I promise you I can imagine what you were saying I lived inputting my own sound effects 😂❤,2025-01-18T18:25:28Z,0,Amber Musk Eau de Parfum Travel Spray,aerin,Bath &amp; Body Works Every Luxuries Collection (pt 1) #affordablefragrances #perfumedupes
@bluerocker3338,THIIIS XD,2025-01-18T03:31:04Z,0,Amber Musk Eau de Parfum Travel Spray,aerin,Bath &amp; Body Works Every Luxuries Collection (pt 1) #affordablefragrances #perfumedupes
@eliachapa418,I am not sure if you liked or didn't like Petal Parade?,2025-01-18T01:08:46Z,3,Amber Musk Eau de Parfum Travel Spray,aerin,Bath &amp; Body Works Every Luxuries Collection (pt 1) #affordablefragrances #perfumedupes
@AngelaHernandez-kk9zy,Me gusta mucho las fragancias dulces como la de Adriana la grande candid sweetlike candid.,2025-01-17T11:40:56Z,1,Amber Musk Eau de Parfum Travel Spray,aerin,Bath &amp; Body Works Every Luxuries Collection (pt 1) #affordablefragrances #perfumedupes
@ayesharashid03,Haha I loved this 😂❤,2025-01-17T00:15:07Z,0,Amber Musk Eau de Parfum Travel Spray,aerin,Bath &amp; Body Works Every Luxuries Collection (pt 1) #affordablefragrances #perfumedupes
@Dr_Nutrition,Talk woman! Lol,2025-01-16T16:51:49Z,0,Amber Musk Eau de Parfum Travel Spray,aerin,Bath &amp; Body Works Every Luxuries Collection (pt 1) #affordablefragrances #perfumedupes
@AvniRaghuvanshi-kx4er,I want a not silent review too,2025-01-16T10:27:28Z,0,Amber Musk Eau de Parfum Travel Spray,aerin,Bath &amp; Body Works Every Luxuries Collection (pt 1) #affordablefragrances #perfumedupes
@missdeeMUA1,Did I miss the if you musk? It smells just like my other fav BBW scent Kaleidoscope. I had no idea they were dupes for other brands lol,2025-01-15T19:42:10Z,0,Amber Musk Eau de Parfum Travel Spray,aerin,Bath &amp; Body Works Every Luxuries Collection (pt 1) #affordablefragrances #perfumedupes
@lifeofmim,I just went to the store and I tried all and they were all boring. 😑,2025-01-13T01:13:39Z,0,Amber Musk Eau de Parfum Travel Spray,aerin,Bath &amp; Body Works Every Luxuries Collection (pt 1) #affordablefragrances #perfumedupes
@pamschmidt5658,Too much drama,2025-01-12T15:06:30Z,0,Amber Musk Eau de Parfum Travel Spray,aerin,Bath &amp; Body Works Every Luxuries Collection (pt 1) #affordablefragrances #perfumedupes
@pamschmidt5658,"Stop shaking the bottles!! I can't tell what they are,and slow down!",2025-01-12T15:05:41Z,0,Amber Musk Eau de Parfum Travel Spray,aerin,Bath &amp; Body Works Every Luxuries Collection (pt 1) #affordablefragrances #perfumedupes
@jynxgirl03,I hate the smell of roses so Delina was a no for me. Viva Vanilla is 🔥 and Pink Obsessed is extremely close. That spray got me flipped like a pancake and got my flaps jacked! 😆 He liked it so much he went out and got me the real thing. It's on regular rotation now! 😉,2025-01-11T18:41:33Z,0,Amber Musk Eau de Parfum Travel Spray,aerin,Bath &amp; Body Works Every Luxuries Collection (pt 1) #affordablefragrances #perfumedupes
@sarahschouveller1993,So you like Paradoxe and its dupe and you think it's a good dupe? That's what I'm guessing on that one,2025-01-09T04:12:13Z,0,Amber Musk Eau de Parfum Travel Spray,aerin,Bath &amp; Body Works Every Luxuries Collection (pt 1) #affordablefragrances #perfumedupes
@Jade-Madspongebob,I’m so glad everyone loves covered in roses hopefully they keep it in store foreverrrr ❤,2025-01-09T02:25:11Z,0,Amber Musk Eau de Parfum Travel Spray,aerin,Bath &amp; Body Works Every Luxuries Collection (pt 1) #affordablefragrances #perfumedupes
@msalohakitty,"No to covered in roses yes to pink obsessed, viva vanilla and petal parade 😍 covered in roses smells like a granny to me 🤷🏽‍♀️",2025-01-09T00:57:21Z,0,Amber Musk Eau de Parfum Travel Spray,aerin,Bath &amp; Body Works Every Luxuries Collection (pt 1) #affordablefragrances #perfumedupes
@KaylaBL822,Am I the only one who gets 7 virtues vanilla woods from viva vanilla?,2025-01-07T17:10:50Z,0,Amber Musk Eau de Parfum Travel Spray,aerin,Bath &amp; Body Works Every Luxuries Collection (pt 1) #affordablefragrances #perfumedupes
@lauraguerrero874,I found my family,2025-01-05T01:56:30Z,0,Amber Musk Eau de Parfum Travel Spray,aerin,Bath &amp; Body Works Every Luxuries Collection (pt 1) #affordablefragrances #perfumedupes
@rorooolall,I GOT VIVA VANILLA FOR XMAS AND I ABSOLUTELY LOVE IT,2025-01-03T03:22:01Z,3,Amber Musk Eau de Parfum Travel Spray,aerin,Bath &amp; Body Works Every Luxuries Collection (pt 1) #affordablefragrances #perfumedupes
@enoellek,Viva Vanilla and Floral Fantasy are some of my most worn mists/layering scents this year!!,2024-12-30T16:56:36Z,3,Amber Musk Eau de Parfum Travel Spray,aerin,Bath &amp; Body Works Every Luxuries Collection (pt 1) #affordablefragrances #perfumedupes
@lala-xi3vw,we need more review videos to be made like this i hate it when people drag the video on just by talking about the same thing,2024-12-30T05:32:39Z,2,Amber Musk Eau de Parfum Travel Spray,aerin,Bath &amp; Body Works Every Luxuries Collection (pt 1) #affordablefragrances #perfumedupes
@cyng166,Pink obsessed is freaking amazing everyone keeps asking what im wearing i had to buy another,2024-12-29T23:46:58Z,6,Amber Musk Eau de Parfum Travel Spray,aerin,Bath &amp; Body Works Every Luxuries Collection (pt 1) #affordablefragrances #perfumedupes
@hermesgirl0015,Totally agree with the Delina and Covered in Roses. I douse my body in the covered in roses and then do my spritz’s of Delina. ❤❤,2024-12-28T21:31:59Z,7,Amber Musk Eau de Parfum Travel Spray,aerin,Bath &amp; Body Works Every Luxuries Collection (pt 1) #affordablefragrances #perfumedupes
@aribella6913,I dislike the purple bottle immensely. It smells like an ear infection at dry down…in my opinion.,2024-12-28T00:36:40Z,0,Amber Musk Eau de Parfum Travel Spray,aerin,Bath &amp; Body Works Every Luxuries Collection (pt 1) #affordablefragrances #perfumedupes
@rachaelnti5782,Pink Obsessed is the only true dupe...the rest are wack😭,2024-12-27T23:19:15Z,0,Amber Musk Eau de Parfum Travel Spray,aerin,Bath &amp; Body Works Every Luxuries Collection (pt 1) #affordablefragrances #perfumedupes
@sharon268,Can someone list the name of the dupes,2024-12-27T15:25:39Z,0,Amber Musk Eau de Parfum Travel Spray,aerin,Bath &amp; Body Works Every Luxuries Collection (pt 1) #affordablefragrances #perfumedupes
@thesacredbombshell,😂😂😂,2024-12-24T02:51:53Z,0,Amber Musk Eau de Parfum Travel Spray,aerin,Bath &amp; Body Works Every Luxuries Collection (pt 1) #affordablefragrances #perfumedupes
@fiaso98,b&bw aren’t dupes they just smell similar,2024-12-21T01:11:41Z,1,Amber Musk Eau de Parfum Travel Spray,aerin,Bath &amp; Body Works Every Luxuries Collection (pt 1) #affordablefragrances #perfumedupes
@MaryJean-oh4cg,I do NOT comment on videos - this was so good LOL,2024-12-20T18:52:41Z,0,Amber Musk Eau de Parfum Travel Spray,aerin,Bath &amp; Body Works Every Luxuries Collection (pt 1) #affordablefragrances #perfumedupes
@TODOMATIO,I didn't understand your reaction for Paradox . There was just a frozen face and no expression. And that one is my favorite perfume. All I smell there is honey 🍯 ❤,2024-12-20T06:26:28Z,4,Amber Musk Eau de Parfum Travel Spray,aerin,Bath &amp; Body Works Every Luxuries Collection (pt 1) #affordablefragrances #perfumedupes
@romeannasmith2350,I feel  the same way about  Covered in Roses. It is my  favorite ❤❤,2024-12-18T01:14:54Z,59,Amber Musk Eau de Parfum Travel Spray,aerin,Bath &amp; Body Works Every Luxuries Collection (pt 1) #affordablefragrances #perfumedupes
@kateh2078,Great review! You didn’t have to say a single word and we all just got it 😂,2024-12-16T16:14:45Z,7,Amber Musk Eau de Parfum Travel Spray,aerin,Bath &amp; Body Works Every Luxuries Collection (pt 1) #affordablefragrances #perfumedupes
@Gravity.96,That Delina dupe smells EXACTLY like Delina!! I know bc I hate them both passionately 😂 but I’m glad I sold my bbq one to someone who loves it!❤,2024-12-16T13:47:35Z,12,Amber Musk Eau de Parfum Travel Spray,aerin,Bath &amp; Body Works Every Luxuries Collection (pt 1) #affordablefragrances #perfumedupes
@Maymay84343,"if you musk (the dupe for the glossier perfume) smells exactly like the real one, i had the real one and i ran out i’m so glad they came out with that!! also at the beach scent is one of the best bbw scents!!",2024-12-15T22:02:41Z,101,Amber Musk Eau de Parfum Travel Spray,aerin,Bath &amp; Body Works Every Luxuries Collection (pt 1) #affordablefragrances #perfumedupes
@theendoftheworldasweknowit9894,This short was calming. No damn nail tapping that needs to end.,2024-12-15T02:54:56Z,15,Amber Musk Eau de Parfum Travel Spray,aerin,Bath &amp; Body Works Every Luxuries Collection (pt 1) #affordablefragrances #perfumedupes
@spiderleenie,"Delina is my all time favorite perfume, yet I have never purchased a full bottle of it because of how expensive it is. Unfortunately, most of the “dupes” out there smell too watery and fruity to me.

Bath and Body Works though? OMG it’s spot on— it’s the dupe I’ve been searching for! And it lasts a ridiculously long time on me (especially if I spray it in my hair). It’s a cheap spot on dupe that somehow performs beast mode on my skin. What is this sorcery?!",2024-12-14T18:05:30Z,1,Amber Musk Eau de Parfum Travel Spray,aerin,Bath &amp; Body Works Every Luxuries Collection (pt 1) #affordablefragrances #perfumedupes
@earphbound720,The Delina dupe and the Santal dupes are my faves ❤,2024-12-13T13:31:28Z,1,Amber Musk Eau de Parfum Travel Spray,aerin,Bath &amp; Body Works Every Luxuries Collection (pt 1) #affordablefragrances #perfumedupes
@prachibarman5524,all of them smell like alcohol,2024-12-05T06:37:27Z,0,Amber Musk Eau de Parfum Travel Spray,aerin,Bath &amp; Body Works Every Luxuries Collection (pt 1) #affordablefragrances #perfumedupes
@martadiallo6944,🤒,2024-12-04T19:29:05Z,0,Amber Musk Eau de Parfum Travel Spray,aerin,Bath &amp; Body Works Every Luxuries Collection (pt 1) #affordablefragrances #perfumedupes
@abidasultana1090,Please review Tom ford soleil blanc and bath and body works getaway soiree,2024-12-04T17:15:42Z,0,Amber Musk Eau de Parfum Travel Spray,aerin,Bath &amp; Body Works Every Luxuries Collection (pt 1) #affordablefragrances #perfumedupes
@angelitarubiales4762,❤😊,2024-12-01T04:14:10Z,0,Amber Musk Eau de Parfum Travel Spray,aerin,Bath &amp; Body Works Every Luxuries Collection (pt 1) #affordablefragrances #perfumedupes
@LivingDead28,I understood each and every single word u didn't say.,2024-11-30T12:01:10Z,2,Amber Musk Eau de Parfum Travel Spray,aerin,Bath &amp; Body Works Every Luxuries Collection (pt 1) #affordablefragrances #perfumedupes
@iamKaliN,The only smell I liked out of all of these was just the pink obsessed one honestly.,2024-11-30T02:54:43Z,22,Amber Musk Eau de Parfum Travel Spray,aerin,Bath &amp; Body Works Every Luxuries Collection (pt 1) #affordablefragrances #perfumedupes
@ozencgencmertt,Yaptığın hiçbir hareket anlaşılmıyor. Ya konuş ya da altyazı ekle,2024-11-27T13:39:29Z,0,Amber Musk Eau de Parfum Travel Spray,aerin,Bath &amp; Body Works Every Luxuries Collection (pt 1) #affordablefragrances #perfumedupes
@Khaleesi_Of_Kittens,Tf is head tilt supposed to mean?? 😒,2024-11-26T13:18:48Z,1,Amber Musk Eau de Parfum Travel Spray,aerin,Bath &amp; Body Works Every Luxuries Collection (pt 1) #affordablefragrances #perfumedupes
@listen-learn-speak2465,🥰 I agree!!!,2024-11-25T03:13:57Z,0,Amber Musk Eau de Parfum Travel Spray,aerin,Bath &amp; Body Works Every Luxuries Collection (pt 1) #affordablefragrances #perfumedupes
@JenniePink-xh4po,"Heyy :3, can someone recommend me an edp perfume (affordable ofc) that smells exactly like bath and body works you're the one.",2024-11-24T16:24:11Z,1,Amber Musk Eau de Parfum Travel Spray,aerin,Bath &amp; Body Works Every Luxuries Collection (pt 1) #affordablefragrances #perfumedupes
@cozmetika,Thanks ❤,2024-11-23T16:28:04Z,0,Amber Musk Eau de Parfum Travel Spray,aerin,Bath &amp; Body Works Every Luxuries Collection (pt 1) #affordablefragrances #perfumedupes
@kanchangidwani6602,"Is into the dark dupe of lancome the midnight rose. I am buying the roses one , thanks for the review❤",2024-11-21T14:56:15Z,3,Amber Musk Eau de Parfum Travel Spray,aerin,Bath &amp; Body Works Every Luxuries Collection (pt 1) #affordablefragrances #perfumedupes
@IamCourtniB,She looks like Kendall Jenner,2024-11-20T20:28:32Z,0,Amber Musk Eau de Parfum Travel Spray,aerin,Bath &amp; Body Works Every Luxuries Collection (pt 1) #affordablefragrances #perfumedupes
@MY-wv4bo,BEST review ever!! Nuanced and informative. Headed to B&BW!!!❤❤❤❤,2024-11-19T17:03:39Z,23,Amber Musk Eau de Parfum Travel Spray,aerin,Bath &amp; Body Works Every Luxuries Collection (pt 1) #affordablefragrances #perfumedupes
@pinkminusone,oh saving this for christmas😍,2024-11-19T09:56:46Z,0,Amber Musk Eau de Parfum Travel Spray,aerin,Bath &amp; Body Works Every Luxuries Collection (pt 1) #affordablefragrances #perfumedupes
@Carol-si8tf,You favor Kendall Jenner.,2024-11-19T03:45:03Z,0,Amber Musk Eau de Parfum Travel Spray,aerin,Bath &amp; Body Works Every Luxuries Collection (pt 1) #affordablefragrances #perfumedupes
@BonnieBurton-x3d,Thanks,2024-11-17T23:03:08Z,0,Amber Musk Eau de Parfum Travel Spray,aerin,Bath &amp; Body Works Every Luxuries Collection (pt 1) #affordablefragrances #perfumedupes
@ODY0319,I just wish they came in a body butter or cream lol,2024-11-16T21:17:28Z,1,Amber Musk Eau de Parfum Travel Spray,aerin,Bath &amp; Body Works Every Luxuries Collection (pt 1) #affordablefragrances #perfumedupes
@RegalRubi,Everything was amazing...next time flip the video 180 degrees horizontally 😅,2024-11-15T11:57:39Z,0,Amber Musk Eau de Parfum Travel Spray,aerin,Bath &amp; Body Works Every Luxuries Collection (pt 1) #affordablefragrances #perfumedupes
@rj2849,this is the first one of these i’ve seen where i actually feel like i understand what the reactions mean 😂,2024-11-14T03:46:59Z,0,Amber Musk Eau de Parfum Travel Spray,aerin,Bath &amp; Body Works Every Luxuries Collection (pt 1) #affordablefragrances #perfumedupes
@nettienewsom9506,No if only there was the matching lotion and shower gel to go with it,2024-11-11T11:24:26Z,0,Amber Musk Eau de Parfum Travel Spray,aerin,Bath &amp; Body Works Every Luxuries Collection (pt 1) #affordablefragrances #perfumedupes
@marilyn8328,I brought COVERED IN ROSES based on your review and I have to say is GOOD GOOD GOOD. And here me out I have Delina La Rosee. Thank you 😊,2024-11-11T05:31:38Z,17,Amber Musk Eau de Parfum Travel Spray,aerin,Bath &amp; Body Works Every Luxuries Collection (pt 1) #affordablefragrances #perfumedupes
@shaunabee,Exactly what I said! 😊,2024-11-10T22:57:27Z,0,Amber Musk Eau de Parfum Travel Spray,aerin,Bath &amp; Body Works Every Luxuries Collection (pt 1) #affordablefragrances #perfumedupes
@IsaGallow,The silent review videos are so cool🌸💗✨🙌🏻,2024-11-10T08:47:18Z,2,Amber Musk Eau de Parfum Travel Spray,aerin,Bath &amp; Body Works Every Luxuries Collection (pt 1) #affordablefragrances #perfumedupes
@TxMade210SA,I’ll stick to the bigger brands,2024-11-06T00:13:49Z,0,Amber Musk Eau de Parfum Travel Spray,aerin,Bath &amp; Body Works Every Luxuries Collection (pt 1) #affordablefragrances #perfumedupes
@ria_s22345,I think she liked the rose one,2024-10-30T22:04:23Z,2,Amber Musk Eau de Parfum Travel Spray,aerin,Bath &amp; Body Works Every Luxuries Collection (pt 1) #affordablefragrances #perfumedupes
@rachealgayles5985,GREAT VIDEO!,2024-10-30T05:10:45Z,0,Amber Musk Eau de Parfum Travel Spray,aerin,Bath &amp; Body Works Every Luxuries Collection (pt 1) #affordablefragrances #perfumedupes
@AsukaLangleyShikinami-777,Thank you so much for sharing! The bottles are so pretty 😍,2024-10-30T03:03:48Z,0,Amber Musk Eau de Parfum Travel Spray,aerin,Bath &amp; Body Works Every Luxuries Collection (pt 1) #affordablefragrances #perfumedupes
@kaitlynneyoung4160,That Delina dupe is AMAZING!!!! The Donna born in Roma dupe is SPOT ON! The vanilla smelled good but needs time to sit ( like most vanilla scents do),2024-10-29T21:45:32Z,687,Amber Musk Eau de Parfum Travel Spray,aerin,Bath &amp; Body Works Every Luxuries Collection (pt 1) #affordablefragrances #perfumedupes
@Sanyu.J,"Beautiful presentation!
Thank you !
I just subscribed and liked.",2024-10-29T06:37:24Z,0,Amber Musk Eau de Parfum Travel Spray,aerin,Bath &amp; Body Works Every Luxuries Collection (pt 1) #affordablefragrances #perfumedupes
@ymurray73yj,Loved this!!!😂,2024-10-27T20:51:55Z,0,Amber Musk Eau de Parfum Travel Spray,aerin,Bath &amp; Body Works Every Luxuries Collection (pt 1) #affordablefragrances #perfumedupes
@MKK-wg7fz,I collect niche fragrances & went to bbw once to see what the fuss was about. I bought a few sprays & things. The only thing that isn’t collecting dust is the shower gel. I find it extremely hard to use those bargain sprays once you’re accustomed to high quality niche perfumes.,2024-10-24T03:41:14Z,3,Amber Musk Eau de Parfum Travel Spray,aerin,Bath &amp; Body Works Every Luxuries Collection (pt 1) #affordablefragrances #perfumedupes
@Loverain2001,You’re my favorite for not speaking…,2024-10-24T02:30:41Z,0,Amber Musk Eau de Parfum Travel Spray,aerin,Bath &amp; Body Works Every Luxuries Collection (pt 1) #affordablefragrances #perfumedupes
@SimpleMeasures,Love your style. Keep it up,2024-10-17T20:26:39Z,1,Amber Musk Eau de Parfum Travel Spray,aerin,Bath &amp; Body Works Every Luxuries Collection (pt 1) #affordablefragrances #perfumedupes
@yaniechamberland2285,😆😆😆,2024-10-15T00:32:05Z,0,Amber Musk Eau de Parfum Travel Spray,aerin,Bath &amp; Body Works Every Luxuries Collection (pt 1) #affordablefragrances #perfumedupes
@VeronicaMiller-n5z,Can we even really trust your opinion on fragrance at all if you actually like Bath & Body Works?,2024-10-11T14:59:47Z,1,Amber Musk Eau de Parfum Travel Spray,aerin,Bath &amp; Body Works Every Luxuries Collection (pt 1) #affordablefragrances #perfumedupes
@DanielleDavis-d5m,Straight to jail.,2024-10-11T14:51:40Z,4,Amber Musk Eau de Parfum Travel Spray,aerin,Bath &amp; Body Works Every Luxuries Collection (pt 1) #affordablefragrances #perfumedupes
@AngelAshes36,"I handmake bath and body products and have no idea what B&BW is putting in their products to make them like chemical warfare.  My customers complain they can't use their products because they either make them sick or break them out with little pimples on places that make no sense, like the legs and forearms.  My husband is used to me gathering designer perfume strips and sniffing them next to him in the passenger seat, and he never complains, but I'm pretty much banned from bringing B&BW body spray strips in the car.  Don't wear them unless you're okay with severely sickening a lot of people.  Every year, the quality of their product gets worse.  They are INSANELY overpriced for what you actually get.  I've bought Middle Eastern perfume for the same price as one of their body sprays, which don't last but a few minutes but still managed to leave a toxic atmosphere.",2024-10-11T14:33:56Z,6,Amber Musk Eau de Parfum Travel Spray,aerin,Bath &amp; Body Works Every Luxuries Collection (pt 1) #affordablefragrances #perfumedupes
@carcar7173,Love it! You don't need sound to express your self,2024-10-11T10:32:42Z,3,Amber Musk Eau de Parfum Travel Spray,aerin,Bath &amp; Body Works Every Luxuries Collection (pt 1) #affordablefragrances #perfumedupes
@giamessina3401,Straight to the point ..love it lol,2024-10-08T11:46:50Z,21,Amber Musk Eau de Parfum Travel Spray,aerin,Bath &amp; Body Works Every Luxuries Collection (pt 1) #affordablefragrances #perfumedupes
@julietalepez6740,Ame que no hablara nada 😂❤😂,2024-10-06T12:23:33Z,0,Amber Musk Eau de Parfum Travel Spray,aerin,Bath &amp; Body Works Every Luxuries Collection (pt 1) #affordablefragrances #perfumedupes
@kfountain73,I don't understand the obsession with Delina.  Too much rose,2024-10-05T12:58:42Z,0,Amber Musk Eau de Parfum Travel Spray,aerin,Bath &amp; Body Works Every Luxuries Collection (pt 1) #affordablefragrances #perfumedupes
@ShawdiR,The amount of times I’ve watched this….,2024-10-05T06:24:42Z,2,Amber Musk Eau de Parfum Travel Spray,aerin,Bath &amp; Body Works Every Luxuries Collection (pt 1) #affordablefragrances #perfumedupes
@EricaTroxel,The way you said it made me smile ❤❤,2024-10-03T02:20:19Z,4,Amber Musk Eau de Parfum Travel Spray,aerin,Bath &amp; Body Works Every Luxuries Collection (pt 1) #affordablefragrances #perfumedupes
@zeze1510,Boycott for ever . Thank you,2024-10-02T23:13:59Z,4,Amber Musk Eau de Parfum Travel Spray,aerin,Bath &amp; Body Works Every Luxuries Collection (pt 1) #affordablefragrances #perfumedupes
@johannapina8734,Seria mejot si hablara..,2024-10-01T18:35:29Z,0,Amber Musk Eau de Parfum Travel Spray,aerin,Bath &amp; Body Works Every Luxuries Collection (pt 1) #affordablefragrances #perfumedupes
@raikijaa,Omg actually silent and not repetitive!! Amazing lol,2024-09-30T03:28:19Z,53,Amber Musk Eau de Parfum Travel Spray,aerin,Bath &amp; Body Works Every Luxuries Collection (pt 1) #affordablefragrances #perfumedupes
@Amatullaah.1,"The drydown of Viva Vanilla, to my nose, is identical to Ariana Grande Mod Vanilla. But it has an atrocious black-pepper-bomb of an opening.",2024-09-26T21:00:59Z,1,Amber Musk Eau de Parfum Travel Spray,aerin,Bath &amp; Body Works Every Luxuries Collection (pt 1) #affordablefragrances #perfumedupes
@idfkkkkkkkkkk,random but could u review the ysl libra parfum!,2024-09-24T13:40:43Z,0,Amber Musk Eau de Parfum Travel Spray,aerin,Bath &amp; Body Works Every Luxuries Collection (pt 1) #affordablefragrances #perfumedupes
@user-mp8qn1kt5t,Speak,2024-09-24T01:43:34Z,0,Amber Musk Eau de Parfum Travel Spray,aerin,Bath &amp; Body Works Every Luxuries Collection (pt 1) #affordablefragrances #perfumedupes
@meriani777,Can you do the reverse of this? I wanna find the mid-tier to high end perfume version of bbw Chamgpagne toast.,2024-09-22T16:09:20Z,5,Amber Musk Eau de Parfum Travel Spray,aerin,Bath &amp; Body Works Every Luxuries Collection (pt 1) #affordablefragrances #perfumedupes
@littlered786,So does petal parade smell like prada??,2024-09-21T02:29:47Z,3,Amber Musk Eau de Parfum Travel Spray,aerin,Bath &amp; Body Works Every Luxuries Collection (pt 1) #affordablefragrances #perfumedupes
@miamor33765,"Eehhh ummm , sorry but your yes n nay expression 😅 are not bilingual

Only one I think you like it was Delina",2024-09-21T00:27:55Z,1,Amber Musk Eau de Parfum Travel Spray,aerin,Bath &amp; Body Works Every Luxuries Collection (pt 1) #affordablefragrances #perfumedupes
@astrokoneko,i understood every word,2024-09-20T13:17:05Z,1,Amber Musk Eau de Parfum Travel Spray,aerin,Bath &amp; Body Works Every Luxuries Collection (pt 1) #affordablefragrances #perfumedupes
@reneelovejoy5302,🤣🤣🤣🤣🤣🤣🤣🤣,2024-09-18T15:30:01Z,0,Amber Musk Eau de Parfum Travel Spray,aerin,Bath &amp; Body Works Every Luxuries Collection (pt 1) #affordablefragrances #perfumedupes
@stephanielumpkins,The Vanilla one smells awful,2024-09-17T18:37:26Z,0,Amber Musk Eau de Parfum Travel Spray,aerin,Bath &amp; Body Works Every Luxuries Collection (pt 1) #affordablefragrances #perfumedupes
@allaennawilliams2306,Petal Parade ❤,2024-09-13T23:32:07Z,17,Amber Musk Eau de Parfum Travel Spray,aerin,Bath &amp; Body Works Every Luxuries Collection (pt 1) #affordablefragrances #perfumedupes
@Prince_santana,"Read this plz😢💔 Bath and Body Works has confirmed to me that they still sell in mainland China that requires their products to be tested on animals. This statement online also confirms this fact. Therefore, Bath and Body Works is not cruelty-free. Fortunately, there are many 100% cruelty-free brands that make a great alternative. For a full list of 100% cruelty-free bath and body brands,",2024-09-13T21:38:39Z,21,Amber Musk Eau de Parfum Travel Spray,aerin,Bath &amp; Body Works Every Luxuries Collection (pt 1) #affordablefragrances #perfumedupes
@mssmitty5308,"OK. You’re adorable. This video is adorable. 🥰 
That’s it. I have nothing further.",2024-09-13T06:15:01Z,59,Amber Musk Eau de Parfum Travel Spray,aerin,Bath &amp; Body Works Every Luxuries Collection (pt 1) #affordablefragrances #perfumedupes
@Pjas-nu7ts,Bath and body works is a dupe house,2024-09-12T07:37:20Z,0,Amber Musk Eau de Parfum Travel Spray,aerin,Bath &amp; Body Works Every Luxuries Collection (pt 1) #affordablefragrances #perfumedupes
@mirelastoica8752,Please write them so we can have the list❤🎉,2024-09-11T16:29:42Z,0,Amber Musk Eau de Parfum Travel Spray,aerin,Bath &amp; Body Works Every Luxuries Collection (pt 1) #affordablefragrances #perfumedupes
@Ari-ge5cp,Have you tried any Laffata perfumes?  I think they're from the middle east,2024-09-10T06:40:18Z,6,Amber Musk Eau de Parfum Travel Spray,aerin,Bath &amp; Body Works Every Luxuries Collection (pt 1) #affordablefragrances #perfumedupes
@cornerflat,I TRUST YOU ❤,2024-09-09T18:32:32Z,1,Amber Musk Eau de Parfum Travel Spray,aerin,Bath &amp; Body Works Every Luxuries Collection (pt 1) #affordablefragrances #perfumedupes
@lay495,Lol love this 😂,2024-09-07T05:04:52Z,2,Amber Musk Eau de Parfum Travel Spray,aerin,Bath &amp; Body Works Every Luxuries Collection (pt 1) #affordablefragrances #perfumedupes
@divyasasidharan2960,I think u should speak. It's taking more time n I have no clue what's going on 😭,2024-09-07T04:37:33Z,0,Amber Musk Eau de Parfum Travel Spray,aerin,Bath &amp; Body Works Every Luxuries Collection (pt 1) #affordablefragrances #perfumedupes
@KL-Lady,I understand.,2024-09-06T22:38:33Z,1,Amber Musk Eau de Parfum Travel Spray,aerin,Bath &amp; Body Works Every Luxuries Collection (pt 1) #affordablefragrances #perfumedupes
@justiceforthesink,Haha this was fun,2024-09-06T10:22:55Z,0,Amber Musk Eau de Parfum Travel Spray,aerin,Bath &amp; Body Works Every Luxuries Collection (pt 1) #affordablefragrances #perfumedupes
@beautifulvictory9683,IMHO: I kinda wish all reviews were like this. 😊,2024-09-05T14:36:54Z,18,Amber Musk Eau de Parfum Travel Spray,aerin,Bath &amp; Body Works Every Luxuries Collection (pt 1) #affordablefragrances #perfumedupes
@syedazarintasnim,"I love love loveee rose notes in fragrances, when done right. So I literally sprinted to place an order for 'Covered in Roses' after watching your video the other day.",2024-09-05T07:38:07Z,21,Amber Musk Eau de Parfum Travel Spray,aerin,Bath &amp; Body Works Every Luxuries Collection (pt 1) #affordablefragrances #perfumedupes
@lilac3606,Have you tried jusbox? I just bought the discovery set. So far I really like sirens & sailors,2024-09-05T05:37:06Z,0,Amber Musk Eau de Parfum Travel Spray,aerin,Bath &amp; Body Works Every Luxuries Collection (pt 1) #affordablefragrances #perfumedupes
@kylie7406,"Random but you mentioned you rock climb in another vid, what scents do you like to wear for climbing?",2024-09-05T05:20:50Z,0,Amber Musk Eau de Parfum Travel Spray,aerin,Bath &amp; Body Works Every Luxuries Collection (pt 1) #affordablefragrances #perfumedupes
@MandyTheQuack,I wish those were available where I live 😭 we JUST last month got Bath & Body Works here 😭😭😭,2024-09-05T05:14:24Z,2,Amber Musk Eau de Parfum Travel Spray,aerin,Bath &amp; Body Works Every Luxuries Collection (pt 1) #affordablefragrances #perfumedupes
@tyishaariel,"Perfect! Great review. Glad I finally got my hands on Covered in Roses. As a lifelong rose enthusiast, I admire the fragrance very much! Was sooo pleasantly surprised… and impressed. ✨🌹✨",2024-09-05T04:14:34Z,64,Amber Musk Eau de Parfum Travel Spray,aerin,Bath &amp; Body Works Every Luxuries Collection (pt 1) #affordablefragrances #perfumedupes
@nerdstuff0000,Viva Vanilla is inspired by Byredo's Vanille Antique.❤,2024-09-05T02:31:09Z,10,Amber Musk Eau de Parfum Travel Spray,aerin,Bath &amp; Body Works Every Luxuries Collection (pt 1) #affordablefragrances #perfumedupes
@meganchapa7615,"I actually can't have my volume up rn bc I'm in a public place, so this is extremely good timing",2024-09-05T00:15:57Z,49,Amber Musk Eau de Parfum Travel Spray,aerin,Bath &amp; Body Works Every Luxuries Collection (pt 1) #affordablefragrances #perfumedupes
@JLJ725,The if you musk got cut off 😩 that’s the one I’m most curious about haha,2024-09-04T22:37:53Z,5,Amber Musk Eau de Parfum Travel Spray,aerin,Bath &amp; Body Works Every Luxuries Collection (pt 1) #affordablefragrances #perfumedupes
@JMED0000,Is ad disclosure not a thing enforced in Canada?,2024-09-04T19:45:50Z,2,Amber Musk Eau de Parfum Travel Spray,aerin,Bath &amp; Body Works Every Luxuries Collection (pt 1) #affordablefragrances #perfumedupes
@presonusfanboy42,YOUR FRECKLES GIVE ME LIFE❤,2024-09-04T19:31:19Z,36,Amber Musk Eau de Parfum Travel Spray,aerin,Bath &amp; Body Works Every Luxuries Collection (pt 1) #affordablefragrances #perfumedupes
@FL-ez3dk,I recently went to Bath and body Works to smell the dupes. They are all so alcohol forward. I am new to the perfume world and Im trying tons of samples from lucky scent and I’m really enjoying this new hobby. The problem now is I can tell the difference between quality perfumes and bargain ones. So the bath and body work items just smell so cheap to me.,2024-09-04T19:26:24Z,512,Amber Musk Eau de Parfum Travel Spray,aerin,Bath &amp; Body Works Every Luxuries Collection (pt 1) #affordablefragrances #perfumedupes
@LuuLuusGarden,What do you like from House of Aerin?,2020-06-04T18:09:14Z,0,Hibiscus Palm Eau de Parfum,aerin,My Perfume Collection | Estee Lauder Aerin Fragrance Haul
@helo-ase,"Hi mba, rekomen versi lokalnya dong. Tks ya",2021-07-15T15:46:07Z,0,Waterlily Sun,aerin,TOP 3 PARFUM FRESH &amp; CLEAN
@naranami7755,"Yg paling the best mana mbak, pengen nambah koleksi 😍",2020-12-01T07:53:51Z,0,Waterlily Sun,aerin,TOP 3 PARFUM FRESH &amp; CLEAN
@bettyoktavia2437,"kak, kalau issey miyake yang edt pernah coba?",2020-07-13T09:45:02Z,0,Waterlily Sun,aerin,TOP 3 PARFUM FRESH &amp; CLEAN
@DavidChAKalalo,"Tiffany & Co menarik 🤗

Mantap kak list nya 👍",2020-07-04T14:45:32Z,0,Waterlily Sun,aerin,TOP 3 PARFUM FRESH &amp; CLEAN
@liyalailaturrohmah4951,Weww pengen cobaaa,2020-06-25T21:54:45Z,0,Waterlily Sun,aerin,TOP 3 PARFUM FRESH &amp; CLEAN
@natassiajournal,"This is my cup of tea 😍 ☕️ Salam kenal, saya subscriber baru..",2020-06-24T12:23:05Z,0,Waterlily Sun,aerin,TOP 3 PARFUM FRESH &amp; CLEAN
@hannysoetanto5304,Hadir...👍,2020-06-22T13:39:17Z,0,Waterlily Sun,aerin,TOP 3 PARFUM FRESH &amp; CLEAN
@mandala_tvofficial266,Kak Dayuu😻,2020-06-22T04:34:02Z,0,Waterlily Sun,aerin,TOP 3 PARFUM FRESH &amp; CLEAN
@erlyayuherianti1582,"Sukses selalu, rajin upload 👍",2020-06-22T00:14:41Z,0,Waterlily Sun,aerin,TOP 3 PARFUM FRESH &amp; CLEAN
@thedanione8927,"Estee lauder dan aerin lauder bukan perfumers, tp pengusaha kosmetik",2020-06-21T16:02:19Z,0,Waterlily Sun,aerin,TOP 3 PARFUM FRESH &amp; CLEAN
@indofragz,✨👍🏻,2020-06-21T13:29:58Z,2,Waterlily Sun,aerin,TOP 3 PARFUM FRESH &amp; CLEAN
@pantai9635,💚💚💚,2020-06-21T13:06:46Z,0,Waterlily Sun,aerin,TOP 3 PARFUM FRESH &amp; CLEAN
@TheScentist,Pertamax!,2020-06-21T10:32:33Z,0,Waterlily Sun,aerin,TOP 3 PARFUM FRESH &amp; CLEAN
@fegermany2413,Thank you for this video. You are right the Black bottle is so gorgeous. After 2 years I never get tired of erba pura dna . I put this on my next buy,2025-03-18T19:31:36Z,0,Rose De Grasse,aerin,Afnan Souvenir Floral Bouquet/Desert Rose/Supremacy Pink/Rose De Grasse Reviews (4 Fragrances)
@simpaticaafilipina,Souvenir Floral Bouquet is not similar to Delina Exclusif but to the original Delina.,2024-12-19T15:14:50Z,0,Rose De Grasse,aerin,Afnan Souvenir Floral Bouquet/Desert Rose/Supremacy Pink/Rose De Grasse Reviews (4 Fragrances)
@natalia-gc3rg,"I looove looove loove afnan souvenir floral bouqet (like delina and angel nova) and afnan souvenir rose (like kirke or erba pura ), it is big woow ❤❤❤super strong and longevity 24h plus",2023-05-14T09:46:12Z,3,Rose De Grasse,aerin,Afnan Souvenir Floral Bouquet/Desert Rose/Supremacy Pink/Rose De Grasse Reviews (4 Fragrances)
@boost-9689,"How to tell the authenticity of Afnan perfumes from the box itself? Batch code, holographic sticker?",2023-02-13T11:49:18Z,0,Rose De Grasse,aerin,Afnan Souvenir Floral Bouquet/Desert Rose/Supremacy Pink/Rose De Grasse Reviews (4 Fragrances)
@Sweetstrawberrywine,"Strange, the Souvenir line lasts on me all day and projects heavily almost throughout. I heard already comments that these perfumes still linger in the hallway long time after I walked through it. Beast mode performers in all sectors: projection, sillage and longevity. At least on me. A great find, both of them.",2023-02-10T13:37:05Z,2,Rose De Grasse,aerin,Afnan Souvenir Floral Bouquet/Desert Rose/Supremacy Pink/Rose De Grasse Reviews (4 Fragrances)
@payupussy4031,"hi! Dessert Rose vs Xerjoff Erba Pura vs Maison Alhambra Arnach, what is your thought on that?",2023-01-08T07:12:35Z,0,Rose De Grasse,aerin,Afnan Souvenir Floral Bouquet/Desert Rose/Supremacy Pink/Rose De Grasse Reviews (4 Fragrances)
@badarchoudhary6486,"First , messi wins the WC and now bhai mentions me in his video , one of those moments where i can say ""i can die in peace now""",2022-12-21T11:19:50Z,1,Rose De Grasse,aerin,Afnan Souvenir Floral Bouquet/Desert Rose/Supremacy Pink/Rose De Grasse Reviews (4 Fragrances)
@tasossaros8375,Greetings 🖖,2022-12-20T16:27:56Z,0,Rose De Grasse,aerin,Afnan Souvenir Floral Bouquet/Desert Rose/Supremacy Pink/Rose De Grasse Reviews (4 Fragrances)
@acridpie4492,Try their Naseej line too,2022-12-20T09:03:31Z,0,Rose De Grasse,aerin,Afnan Souvenir Floral Bouquet/Desert Rose/Supremacy Pink/Rose De Grasse Reviews (4 Fragrances)
@BK-lb8uh,Hope you feel better.,2022-12-20T02:14:51Z,2,Rose De Grasse,aerin,Afnan Souvenir Floral Bouquet/Desert Rose/Supremacy Pink/Rose De Grasse Reviews (4 Fragrances)
@gamalielcenteno4801,👍👍👍👍,2022-12-20T02:13:21Z,0,Rose De Grasse,aerin,Afnan Souvenir Floral Bouquet/Desert Rose/Supremacy Pink/Rose De Grasse Reviews (4 Fragrances)
@RonHowardStudio,"เปิดแบ่ง
https://s.shopee.co.th/2frqOGhXl7",2024-08-25T10:42:06Z,0,Wild Geranium,aerin,Diptyque Geranium Odorata Unboxing (a complimentary gift from DTQ)
@mnsor79,I'm wearing Geranium Odorata bow for the first time. One of the many underrated gems of the house!,2021-11-21T19:34:16Z,1,Wild Geranium,aerin,Diptyque Geranium Odorata Unboxing (a complimentary gift from DTQ)
@daniarsuryowati,"Have no idea you have youtube channel, Gia 😍❤️❤️❤️❤️ Awesome editing & beautiful video",2021-03-29T09:53:22Z,0,Perfume Sampler Discovery Set,aerin,Daily Life in Paris: Mini Vlog and Bastille Perfume Smelling Session.
@linarthadarwis2016,So far I’m loving your editing. Enak banget dilihatnya. Sedikit saran ya... teksnya jangan terlalu cepat. Atau gak durasinya disesuaikan dengan panjang teks di layar. Soalnya ini terasa agak kecepetan jadi bacanya gak pernah selesai udah ilang aja dari layar.,2021-02-07T12:14:54Z,2,Perfume Sampler Discovery Set,aerin,Daily Life in Paris: Mini Vlog and Bastille Perfume Smelling Session.
@theolfaxtory,Hors-Piste and Bataille are my favorites!!!,2021-02-07T00:42:47Z,1,Perfume Sampler Discovery Set,aerin,Daily Life in Paris: Mini Vlog and Bastille Perfume Smelling Session.
@theolfaxtory,your vide is a whoooole mood 🙌🏾,2021-02-07T00:40:40Z,0,Perfume Sampler Discovery Set,aerin,Daily Life in Paris: Mini Vlog and Bastille Perfume Smelling Session.
@hamzahnasution,suka bangeetttt,2022-07-25T17:16:52Z,0,Cedar Violet Eau de Parfum,aerin,KOLEKSI PERFUME 2020 | female to unisex fragrances
@kakakmaria8921,Parfume nya seleranya samaan ..suka bgt reviewnya ..kapan2 review lagi ya ..suka dengernya .gara2 ini ak jadi beli christian dior yg rose gips 😄,2022-02-26T09:16:16Z,0,Cedar Violet Eau de Parfum,aerin,KOLEKSI PERFUME 2020 | female to unisex fragrances
@chitracl6929,Plizzzz bikin parfum collection lagi,2022-02-26T05:36:48Z,0,Cedar Violet Eau de Parfum,aerin,KOLEKSI PERFUME 2020 | female to unisex fragrances
@cinthiasanusi,suka banget kalau bahas topic ini🥺sering upload youtube lagi dong ka❤️,2021-11-07T03:15:48Z,0,Cedar Violet Eau de Parfum,aerin,KOLEKSI PERFUME 2020 | female to unisex fragrances
@raditrockfragrance,love this topic ❤️,2021-08-09T18:08:04Z,0,Cedar Violet Eau de Parfum,aerin,KOLEKSI PERFUME 2020 | female to unisex fragrances
@auroramaharani806,kak bikin update perfume collections kakak doongg,2021-04-10T08:53:14Z,4,Cedar Violet Eau de Parfum,aerin,KOLEKSI PERFUME 2020 | female to unisex fragrances
@vyche1231,"nyaman banget nontonin ampe abis, penjelasan nya niceee",2021-02-22T14:30:19Z,1,Cedar Violet Eau de Parfum,aerin,KOLEKSI PERFUME 2020 | female to unisex fragrances
@gitawidi6835,Ka sara selera parfumnya sama banget kaya aku thank u udah sharing,2020-12-27T12:27:54Z,0,Cedar Violet Eau de Parfum,aerin,KOLEKSI PERFUME 2020 | female to unisex fragrances
@afamuchtar7975,Yg kali ini Ngantuk kaka ngejelasinnya but i still very appreciate your yt as always,2020-12-21T05:31:01Z,0,Cedar Violet Eau de Parfum,aerin,KOLEKSI PERFUME 2020 | female to unisex fragrances
@permanaputra501,"Cantik amat mba sara,,mirip istri nya vino g bastian hihii salam pencinta parfum",2020-12-19T02:49:24Z,0,Cedar Violet Eau de Parfum,aerin,KOLEKSI PERFUME 2020 | female to unisex fragrances
@theliviosta,Narciso Rodriguez pure musc for her emg beneran seenak itu sih wanginya. Even gue yg cowok juga suka wanginya,2020-12-13T12:39:35Z,5,Cedar Violet Eau de Parfum,aerin,KOLEKSI PERFUME 2020 | female to unisex fragrances
@dewiariani3290,Iya iya lah kakak nama nya parfum aku jugak suka dengan mau in pewangian kakak 😂😂😂,2020-12-13T05:28:53Z,0,Cedar Violet Eau de Parfum,aerin,KOLEKSI PERFUME 2020 | female to unisex fragrances
@suaidibakhtiar,"Hai kak 😁😁😁
Ini review saya Mukhollat Nabawi
https://youtu.be/g4FAFSD6T7M
Reviewer pemula kak 🙏🙏🙏",2020-12-01T17:31:13Z,0,Cedar Violet Eau de Parfum,aerin,KOLEKSI PERFUME 2020 | female to unisex fragrances
@annisa2812,Selera kita samaaa 🥺 my current fav miss dior blooming boquet enaakk banget parah. You are gonna love it!,2020-11-12T12:37:58Z,0,Cedar Violet Eau de Parfum,aerin,KOLEKSI PERFUME 2020 | female to unisex fragrances
@zelorakim7154,Kenapa hidup mu aesthetic sekali hey! 😭♥️,2020-10-30T12:14:53Z,0,Cedar Violet Eau de Parfum,aerin,KOLEKSI PERFUME 2020 | female to unisex fragrances
@babyxaverienne1067,"Kalau ga salah dia ga Ada mentioned Black Opium dari tadi

Satu-satunya YouTuber yang parfume collectionnya ga Ada YSL Black Opium",2020-10-02T04:48:16Z,18,Cedar Violet Eau de Parfum,aerin,KOLEKSI PERFUME 2020 | female to unisex fragrances
@lumiere.taqi93,Btw di 20:30 itu suara apa ya? Ada yg denger ga? 😅,2020-09-19T16:46:01Z,0,Cedar Violet Eau de Parfum,aerin,KOLEKSI PERFUME 2020 | female to unisex fragrances
@ayuhopmansvw1941,Anjiiingnya menggemaskan bangetttttt,2020-08-21T09:52:23Z,0,Cedar Violet Eau de Parfum,aerin,KOLEKSI PERFUME 2020 | female to unisex fragrances
@dewiariani3290,Kakak suka wanginya  dengan flora,2020-08-19T04:36:36Z,0,Cedar Violet Eau de Parfum,aerin,KOLEKSI PERFUME 2020 | female to unisex fragrances
@andytiarap9946,"Halo dear, kami menjual berbagai macam parfum original display dari store resmi, no kw/ori singapore, no fake dan no refil yah. Bisa cek langsung di instagram kami ya dear @halo.halona. Thankyou, have a blessed day 💕",2020-08-17T15:15:38Z,1,Cedar Violet Eau de Parfum,aerin,KOLEKSI PERFUME 2020 | female to unisex fragrances
@misnawati.shm214,Aku jga pakr yg Chloe enak banget,2020-08-03T15:31:27Z,0,Cedar Violet Eau de Parfum,aerin,KOLEKSI PERFUME 2020 | female to unisex fragrances
@lukmanhidayat320,Komen ya yg minat jean paul gaultier ultra male masih 90% (jogja),2020-07-01T10:29:48Z,0,Cedar Violet Eau de Parfum,aerin,KOLEKSI PERFUME 2020 | female to unisex fragrances
@sintaariesa796,"Omg almost basenotenya rose n vanilla
You must try parfum indi indo, brandnya hmns yg orgasm plis try it ❤",2020-06-08T16:05:26Z,0,Cedar Violet Eau de Parfum,aerin,KOLEKSI PERFUME 2020 | female to unisex fragrances
@meydap07,Please kasih tau 3 fav Parfume yg memang mostly di pake.,2020-06-03T09:43:54Z,0,Cedar Violet Eau de Parfum,aerin,KOLEKSI PERFUME 2020 | female to unisex fragrances
@nugrohopribadi5386,"Gw kira ini channel luar, ehh ternyata Indonesia, i like it👍",2020-06-02T07:52:28Z,1,Cedar Violet Eau de Parfum,aerin,KOLEKSI PERFUME 2020 | female to unisex fragrances
@angelixflo,Akhirnyaa nemu vloggers yg satu selera. Jd lbh yakin rekomennya setipe stlh km mention 2 chloe yg juga aku suka bgt2😂 thanks for the video😍,2020-05-18T20:14:53Z,0,Cedar Violet Eau de Parfum,aerin,KOLEKSI PERFUME 2020 | female to unisex fragrances
@IndoScents,"Review parfum cowok yang disuka dong
Yang recommend gitu 🤩",2020-04-28T12:01:43Z,1,Cedar Violet Eau de Parfum,aerin,KOLEKSI PERFUME 2020 | female to unisex fragrances
@enggarsp2489,Kak kalo review2 parfue lagi kasi  harganya juga ya✌😬,2020-04-27T14:46:58Z,0,Cedar Violet Eau de Parfum,aerin,KOLEKSI PERFUME 2020 | female to unisex fragrances
@kartikaparamitaklara6064,"Wow menarik! Bulgarian rose, jasmine, amber... Mantap! 😍",2020-04-25T00:30:31Z,0,Cedar Violet Eau de Parfum,aerin,KOLEKSI PERFUME 2020 | female to unisex fragrances
@winawina3407,Kak . Cobain dong miss dior rose and roses Yang baru .,2020-04-11T09:48:43Z,1,Cedar Violet Eau de Parfum,aerin,KOLEKSI PERFUME 2020 | female to unisex fragrances
@bluxxmau6114,"Patut dicoba teh pecinta roses, Initio Atomic Rose...wajib msk list",2020-04-09T17:33:12Z,0,Cedar Violet Eau de Parfum,aerin,KOLEKSI PERFUME 2020 | female to unisex fragrances
@mutiaeh,penasaran bgtt gucci bloom! huhu,2020-03-23T15:32:22Z,0,Cedar Violet Eau de Parfum,aerin,KOLEKSI PERFUME 2020 | female to unisex fragrances
@aamorJJ,"Have you ever tried Carolina Herrera - 212 VIP Rose soalnya scent yang kita suka samaa, floral, fresh, light ga cloying gituu with a fruity hint",2020-03-09T07:28:13Z,0,Cedar Violet Eau de Parfum,aerin,KOLEKSI PERFUME 2020 | female to unisex fragrances
@yuraBBVIP,"yess giorgio armani si emang juara i luv the scent
btw kak rara beli parfumnya dimana? ku keracunan byredo, rose gipsy sm parfum yg terakhir😂",2020-02-29T19:24:24Z,1,Cedar Violet Eau de Parfum,aerin,KOLEKSI PERFUME 2020 | female to unisex fragrances
@didiT47,Next time you should record two different videos in each language. It would be easier to follow. I love all those fragrances but it is driving me crazy  in two different languages,2020-02-28T13:50:22Z,2,Cedar Violet Eau de Parfum,aerin,KOLEKSI PERFUME 2020 | female to unisex fragrances
@meirityveruskha7602,Coba dong yg LV LA rose yg baru kt nya enak sm dyptique,2020-02-26T03:24:42Z,1,Cedar Violet Eau de Parfum,aerin,KOLEKSI PERFUME 2020 | female to unisex fragrances
@edme7600,"kalau aku biasanya pindahin parfumnya ke semacam atomizer kalau mau travel, biar ngga ribet bawa botolnya",2020-02-24T12:38:38Z,0,Cedar Violet Eau de Parfum,aerin,KOLEKSI PERFUME 2020 | female to unisex fragrances
@solarplexus107,"Gua suka nih ama sara.. alirannya sama kyk gw, suka tuberose, floral, amber, rose, jasmine.. kyknya bakal suka nih ama parfum2nya sara. Btw cobain tomford orchid yg pink, pasti suka jg deh🤗 cheers.",2020-02-22T17:15:39Z,10,Cedar Violet Eau de Parfum,aerin,KOLEKSI PERFUME 2020 | female to unisex fragrances
@daniasilvia845,"out satin mood kak, rose bngt",2020-02-22T08:56:20Z,0,Cedar Violet Eau de Parfum,aerin,KOLEKSI PERFUME 2020 | female to unisex fragrances
@megauu,"Thanks for sharing and give us your best as always😊❤️
I love the way you describe them and make me imagine😂
I hope i can afford them and collect them next time😊❤️❤️",2020-02-22T07:31:29Z,3,Cedar Violet Eau de Parfum,aerin,KOLEKSI PERFUME 2020 | female to unisex fragrances
@ditaaliffia,You are so gorgggg,2020-02-22T07:27:53Z,0,Cedar Violet Eau de Parfum,aerin,KOLEKSI PERFUME 2020 | female to unisex fragrances
@pweedyadele,"Since you have viewers worldwide, it’ll be helpful if you write the names of the perfumes in the description box",2020-02-20T12:55:40Z,1,Cedar Violet Eau de Parfum,aerin,KOLEKSI PERFUME 2020 | female to unisex fragrances
@YuniGayet,Nice collection 👍... mampir2 ya ke chanel saya. Sy juga ngomongin/review parfum. Kebetulan tinggal di prancis surganya dunia per parfum an... salam kenal 🙋🏼‍♀️,2020-02-19T21:05:58Z,2,Cedar Violet Eau de Parfum,aerin,KOLEKSI PERFUME 2020 | female to unisex fragrances
@anadhitafirstdyahsari1368,Valentino Donna = Kathleen Light banget.... perfume fave neng kath,2020-02-18T17:29:54Z,0,Cedar Violet Eau de Parfum,aerin,KOLEKSI PERFUME 2020 | female to unisex fragrances
@nadirasafitrimohammad713,Kak beli yang rose gipsy di manaa? emg di indo ada??,2020-02-18T17:20:59Z,0,Cedar Violet Eau de Parfum,aerin,KOLEKSI PERFUME 2020 | female to unisex fragrances
@OlfactiveStories,You have a nice collection ! 😊,2020-02-18T16:43:15Z,1,Cedar Violet Eau de Parfum,aerin,KOLEKSI PERFUME 2020 | female to unisex fragrances
@Starlight4dsea,Officially you become one of my fav beauty youtuber. You love elegant you love unique scent but sometimes you also toning it down with a mass pleasing scent.  from a la rose that i think the smells its too generic to tom ford that always daring. I am enjoying to watch your 25 minutes video. Luv,2020-02-16T02:32:10Z,1,Cedar Violet Eau de Parfum,aerin,KOLEKSI PERFUME 2020 | female to unisex fragrances
@junelullaby1462,I see bonbon (ya gak sih itu pojok kiri?)in the back of row kirain mau dimention juga ☹️,2020-02-15T15:26:16Z,0,Cedar Violet Eau de Parfum,aerin,KOLEKSI PERFUME 2020 | female to unisex fragrances
@melissadejesus8385,That blue eyeshadow is giving me life this morning! Thank you !,2020-02-15T14:37:06Z,11,Cedar Violet Eau de Parfum,aerin,KOLEKSI PERFUME 2020 | female to unisex fragrances
@shandywibo,"11:10 setuju pake bangetttt! Kalo nyium perfume yg dulu2 tuh suka kaya dibawa terbang ke moment itu lg hahaha. Contohnya pas kaya aku ke bali aku pake D'square yg she wood, pas udh lama gak pake dan kemudian pake lg tuhh kaya langsung inget moment2 pas di bali hahaha. Tp kadang wangi perfume juga bisa baperrrr, u kno wht i mean👋🏼🤣",2020-02-15T14:10:01Z,3,Cedar Violet Eau de Parfum,aerin,KOLEKSI PERFUME 2020 | female to unisex fragrances
@hillandani,Lovely!!!!,2020-02-14T19:39:36Z,0,Cedar Violet Eau de Parfum,aerin,KOLEKSI PERFUME 2020 | female to unisex fragrances
@ilichilku,Love this video!!!💜,2020-02-14T16:19:43Z,1,Cedar Violet Eau de Parfum,aerin,KOLEKSI PERFUME 2020 | female to unisex fragrances
@fenatiffany4124,ka sara please do a room tour!❤️,2020-02-14T14:27:46Z,2,Cedar Violet Eau de Parfum,aerin,KOLEKSI PERFUME 2020 | female to unisex fragrances
@milkha16,akhirnya video yg ku tunggu2 di publish :’),2020-02-14T11:10:04Z,0,Cedar Violet Eau de Parfum,aerin,KOLEKSI PERFUME 2020 | female to unisex fragrances
@milkha16,video yang ku tunggu2 akhirnya di publish :’),2020-02-14T10:50:42Z,1,Cedar Violet Eau de Parfum,aerin,KOLEKSI PERFUME 2020 | female to unisex fragrances
@dianlesari,"video sebagus ini, se effort ini dan yg like cuma 200an orang. astaga ga paham",2020-02-14T08:03:55Z,2,Cedar Violet Eau de Parfum,aerin,KOLEKSI PERFUME 2020 | female to unisex fragrances
@kezianugraheni8269,"Rara, aku jg suka banget rosie jane yg leila lou! 😍 Udh mau habis dan kalo mau beli harus ke sephora US 😭 oiya have you tried flowerbomb by viktorrolf? Aku suka bangett ituu",2020-02-14T01:20:50Z,0,Cedar Violet Eau de Parfum,aerin,KOLEKSI PERFUME 2020 | female to unisex fragrances
@LaksitaD,"Masih inget video BoB waktu itu, aku langsung beli Chloe dan jatuh cinta sampe skrg :"") udah repurchase 3x juga, my boyfriend loves it too :"") thank you so much kak sar!",2020-02-13T23:27:09Z,0,Cedar Violet Eau de Parfum,aerin,KOLEKSI PERFUME 2020 | female to unisex fragrances
@LaksitaD,omg yang ditunggu2 keluar jugaaa!,2020-02-13T23:21:35Z,0,Cedar Violet Eau de Parfum,aerin,KOLEKSI PERFUME 2020 | female to unisex fragrances
@mariacristine6256,"Entah kenapa dari makeup, skincare, bodycare, playlist lagu sampe parfum bener"" kayak selera kak sara banget. Paling percaya sama review kak sara krn selalu pas:(. Fav scent ku juga musky soft spicy gtu, suka rose juga haha. Parfum fav juga Valentino Donna dan juara banget, kalo cium baccarat juga pusing🤣. Sayang banget lah sama kak sara, makasih kak buat video nya bener"" membantu banget🥰❤️ Sehat selalu ya kak",2020-02-13T17:22:58Z,18,Cedar Violet Eau de Parfum,aerin,KOLEKSI PERFUME 2020 | female to unisex fragrances
@rebeccaaprilia9064,Kayaknya kita satu selera nihh,2020-02-13T16:09:07Z,0,Cedar Violet Eau de Parfum,aerin,KOLEKSI PERFUME 2020 | female to unisex fragrances
@rianyrusmanto5303,Suka banget nontonnya. Thanks for the video!,2020-02-13T15:55:06Z,1,Cedar Violet Eau de Parfum,aerin,KOLEKSI PERFUME 2020 | female to unisex fragrances
@mmahendrasti,"I feel like we’re perfume soul sisters! Aku suka banget wangi rose tp bukan yg ‘grandma rose’, dan aku jg punya Chloe EDP, Love Story, dan Si. Yg aku suka banget lagi itu Miss Dior Blooming Bouquet tp wanginya cepet ilang banget, wanginya feminine sweet rose, atau Juicy Couture Rose wangi rosenya agak ‘dingin’ dan seger tp jg kurang awet 😅 kalo Si aku rasa kayak sexy rose, chloe kayak rose nya cewek dewasa yg udh kerja",2020-02-13T15:39:07Z,1,Cedar Violet Eau de Parfum,aerin,KOLEKSI PERFUME 2020 | female to unisex fragrances
@ivonnet2155,"Pengen tahu banget tentang perparfuman tapi aku nggak tahu istilah2 yang diomongi kak sara kayak spicy, powdery, leathery 😭😭 tu paan yah",2020-02-13T15:39:04Z,3,Cedar Violet Eau de Parfum,aerin,KOLEKSI PERFUME 2020 | female to unisex fragrances
@desioctaviana3050,kak raraaa.. akhirnya content yg udah ditunggu tunggu yipiiie💜😘,2020-02-13T15:01:47Z,5,Cedar Violet Eau de Parfum,aerin,KOLEKSI PERFUME 2020 | female to unisex fragrances
@dinnirahma1043,I LOVE THIS CONTENT SO MUUCCCC BENER2 VIDEO YG AKU TUNGGU BGTT!!!,2020-02-13T14:15:42Z,4,Cedar Violet Eau de Parfum,aerin,KOLEKSI PERFUME 2020 | female to unisex fragrances
@tiaraputridee,"i hope one day i could afford one of those perfume, cuz i'm still a college student 😂 pgn bgt coba TF yg jasmin rouge grgr review kaka 😍😍",2020-02-13T14:03:30Z,41,Cedar Violet Eau de Parfum,aerin,KOLEKSI PERFUME 2020 | female to unisex fragrances
@septimarpaung,"I really appreciate your work Rara! ♥️ gile to put this holy scent paradise into one HD video gini bener2 nunjukin usaha kamu 💪🏼 
Dan setuju banget perfume brings back memories 😊💕 Aku juga suka perfume yg floral dan spicy gitu. Diptyque Do Son enak juga ada hint rosenya walau yg dominan tuberose/sedap malam sih jadi agak mistis emang 🤣🤣🤣

Btw, thank you for sharing your experience ra ♥️",2020-02-13T14:03:16Z,21,Cedar Violet Eau de Parfum,aerin,KOLEKSI PERFUME 2020 | female to unisex fragrances
@princessputri9395,"Duh racun banget deh hahahaha
Cus deh beli Narciso Rodriguez 😍 Makasi Sara udah ngeracunin aku 😭",2020-02-13T14:02:18Z,0,Cedar Violet Eau de Parfum,aerin,KOLEKSI PERFUME 2020 | female to unisex fragrances
@fatmawatidewi5504,"Thank u ka sara, masih dikit konten ttg perfume yg bagus gini pdhl ku syukaa bgt perfume",2020-02-13T12:21:38Z,1,Cedar Violet Eau de Parfum,aerin,KOLEKSI PERFUME 2020 | female to unisex fragrances
@sriasihkumaladewi4194,Ak punya yg love story pdhal beli nya ga blind buy tpi nyesel pas udh beli krn wangi nya ga ak bgt😔😔😔,2020-02-13T12:15:14Z,0,Cedar Violet Eau de Parfum,aerin,KOLEKSI PERFUME 2020 | female to unisex fragrances
@aries9978,😍😍😍,2020-02-13T11:32:23Z,0,Cedar Violet Eau de Parfum,aerin,KOLEKSI PERFUME 2020 | female to unisex fragrances
@EkiHartari,"Pas disemprot2in rose gipsy, auto ngendus2 🤣🤣🤣🤣",2020-02-13T10:52:08Z,1,Cedar Violet Eau de Parfum,aerin,KOLEKSI PERFUME 2020 | female to unisex fragrances
@mmelianaa,"cii, kalo di indonesia cc beli parfume yg kaya trkhr itu atau giorgio armani si, dimana ya? hehehehe thankyou before",2020-02-13T10:32:09Z,0,Cedar Violet Eau de Parfum,aerin,KOLEKSI PERFUME 2020 | female to unisex fragrances
@ajenglaras1726,Tom Ford Jasmine Rouge sepertinya cocok untuk scorpio sepertiku,2020-02-13T10:25:09Z,0,Cedar Violet Eau de Parfum,aerin,KOLEKSI PERFUME 2020 | female to unisex fragrances
@nforme7773,kak sara bikin tips biar parfum tahan lama cara pake nya gimana dongg 😂😂,2020-02-13T10:23:52Z,8,Cedar Violet Eau de Parfum,aerin,KOLEKSI PERFUME 2020 | female to unisex fragrances
@Crofflee,"Yang ditunggu - tunggu akhirnyaaa, i miss u kak sara",2020-02-13T09:58:03Z,0,Cedar Violet Eau de Parfum,aerin,KOLEKSI PERFUME 2020 | female to unisex fragrances
@seguni_tp,"Apa cuma gue, cewek tapi parfumnya cuma 1, mau hujan, panas, malem, siang, parfumnya itu doang. Yang penting wangi, wkwkwkwkwk",2020-02-13T09:23:49Z,29,Cedar Violet Eau de Parfum,aerin,KOLEKSI PERFUME 2020 | female to unisex fragrances
@sitinurhusnah4512,Room tour please❤,2020-02-13T09:05:08Z,0,Cedar Violet Eau de Parfum,aerin,KOLEKSI PERFUME 2020 | female to unisex fragrances
@vionicawowor2704,thanks for sharing<3,2020-02-13T08:56:59Z,0,Cedar Violet Eau de Parfum,aerin,KOLEKSI PERFUME 2020 | female to unisex fragrances
@kiellrp6066,Yeayyyy queenn 💕💕💕,2020-02-13T08:50:43Z,0,Cedar Violet Eau de Parfum,aerin,KOLEKSI PERFUME 2020 | female to unisex fragrances
@alfalineda,Akhirnya yang ditunggu-tunggu😍😍😍 nontonnya nanti pulang kerja hehe,2020-02-13T08:49:33Z,0,Cedar Violet Eau de Parfum,aerin,KOLEKSI PERFUME 2020 | female to unisex fragrances
@patriciafrite6692,YAYYYY 🌸,2020-02-13T08:44:53Z,1,Cedar Violet Eau de Parfum,aerin,KOLEKSI PERFUME 2020 | female to unisex fragrances
@mandira2028,"absen dulu, mom 🙋🏻‍♀️ nontonnya abis pulang kerja yaaaa. Been waiting for this video!!",2020-02-13T08:44:15Z,0,Cedar Violet Eau de Parfum,aerin,KOLEKSI PERFUME 2020 | female to unisex fragrances
@astinfdh,Wow so excited thank you kak! 😍,2020-02-13T08:43:46Z,4,Cedar Violet Eau de Parfum,aerin,KOLEKSI PERFUME 2020 | female to unisex fragrances
@ovieolivia7909,First komen yuhuuu,2020-02-13T08:42:58Z,0,Cedar Violet Eau de Parfum,aerin,KOLEKSI PERFUME 2020 | female to unisex fragrances
@migueljamescastro2102,"💜 💜 💜 😀  😀  🙏🏻 👍🏻 What a great work you have here! We are a group of awesome people, we recommend videos daily to help reach more people. It's free and it's our passion to help. 
Please let us know if you wish this video to get recommended. Would love to help!
Here's 3 videos to recommend today:

https://www.youtube.com/watch?v=vh3mCMK4bV4


https://www.youtube.com/watch?v=0GctZDkYJVQ

https://www.youtube.com/watch?v=ZGpnJDlN0aU",2018-03-30T13:02:32Z,0,Triple Algae Eye Renewal Balm Eye Cream,algenist,Morning Skin Care Routine
@reynaqueens3126,"💓💓💓 🆙 😚😚 Oh wow! This shows passion! So recommend videos daily to help reach more people. It's free and it's our passion to help. 
Please let us know if you wish this video to get recommended. Would love to help!
Here's 3 videos to recommend today:

https://www.youtube.com/watch?v=LYVe5Ys9Pn0


https://www.youtube.com/watch?v=-0Yr2s8u_-Q

https://www.youtube.com/watch?v=ZGpnJDlN0aU",2018-03-13T16:04:04Z,0,Triple Algae Eye Renewal Balm Eye Cream,algenist,Morning Skin Care Routine
@frankvella788,Cool video !,2018-03-05T03:36:58Z,0,Triple Algae Eye Renewal Balm Eye Cream,algenist,Morning Skin Care Routine
@cutepumpkin1709,www.cute-pumpkin.com,2019-05-16T04:00:45Z,0,GENIUS Liquid Collagen Lip Treatment,algenist,Lipstick cair matte lip gloss warna lima warna
@thejamesaltuchershow7210,How about some honey skincare form all those bees,2019-01-16T18:43:28Z,0,SUBLIME DEFENSE Ultra Lightweight UV Defense Fluid SPF 50,algenist,UNISEX SKINCARE ROUTINE for Clear Skin // 2019 - Maverickocean
@SvetlanaVillegas,Your skin looks absolutely amazing,2020-04-09T21:33:50Z,0,GENIUS Ultimate Anti-Aging Cream,algenist,TOP 5 SKINCARE PRODUCTS I CAN&#39;T LIVE WITHOUT!
@عالمالاظافرمعدينا,What do you work??,2019-07-27T09:05:00Z,0,GENIUS Ultimate Anti-Aging Cream,algenist,TOP 5 SKINCARE PRODUCTS I CAN&#39;T LIVE WITHOUT!
@ASMRwithSofia,Your skin is so beautiful! 💖,2019-07-25T21:32:36Z,0,GENIUS Ultimate Anti-Aging Cream,algenist,TOP 5 SKINCARE PRODUCTS I CAN&#39;T LIVE WITHOUT!
@juanitabrown5145,"Girl, ur skin... with no makeup? 🌅 So dewy, absolutely gorgeous, glowing even!!! I never knew what Hyaluronic acid did, but I'm gonna try it. Tfs...💖",2019-06-08T04:08:55Z,0,GENIUS Ultimate Anti-Aging Cream,algenist,TOP 5 SKINCARE PRODUCTS I CAN&#39;T LIVE WITHOUT!
@frescesiita,you look like jhene aiko!,2019-06-06T22:10:33Z,0,GENIUS Ultimate Anti-Aging Cream,algenist,TOP 5 SKINCARE PRODUCTS I CAN&#39;T LIVE WITHOUT!
@TiffaniJustine,I love your top!💗💗💗,2019-06-06T21:03:49Z,0,GENIUS Ultimate Anti-Aging Cream,algenist,TOP 5 SKINCARE PRODUCTS I CAN&#39;T LIVE WITHOUT!
@HapaGuru,Jessi you are my fave!! 💫 keep shining b.,2019-06-06T18:53:03Z,1,GENIUS Ultimate Anti-Aging Cream,algenist,TOP 5 SKINCARE PRODUCTS I CAN&#39;T LIVE WITHOUT!
@juliaschneider8126,Love this video! Hyaluronic acid always works wonders when my skin needs a little pick me up!,2019-06-05T22:28:14Z,1,GENIUS Ultimate Anti-Aging Cream,algenist,TOP 5 SKINCARE PRODUCTS I CAN&#39;T LIVE WITHOUT!
@Happylantravel,"Oh my you are stunning 🥰  thank you for sharing, it’s nice to know what others use and work because I don’t want to splurge and not like. Anyway, have a good day!",2019-06-05T21:50:23Z,1,GENIUS Ultimate Anti-Aging Cream,algenist,TOP 5 SKINCARE PRODUCTS I CAN&#39;T LIVE WITHOUT!
@sudeuslu988,"I love you a lot and this ideas Are super helpfull and you are so cute,beatyfull And kind you love yout job we can see it 😍",2019-06-05T21:50:15Z,1,GENIUS Ultimate Anti-Aging Cream,algenist,TOP 5 SKINCARE PRODUCTS I CAN&#39;T LIVE WITHOUT!
@karimschossler7023,Very god Video 🔥🔥🖒🖒🖒,2017-10-25T15:43:27Z,1,Gentle Rejuvenating Cleanser,algenist,BEST SKIN CARE ROUTINE| GLAMBYRUNA
@chakkaraummas07,Awesome!!! love to see a hair routine video,2017-10-20T23:07:41Z,1,Gentle Rejuvenating Cleanser,algenist,BEST SKIN CARE ROUTINE| GLAMBYRUNA
